Workbook

Sheet Puntentelling
A1: Puntentelling WK Poule 2026
D3: Standen | E3: Bonus
C4: Uitslagen | D4: Poule | E4: Vragen | G4: Totaal
A6: 1 | B6: Thijs | C6: ='Groepsfase Thijs'!J82 -> 12
A7: =A6+1 -> 2 | B7: Emma | C7: ='Groepsfase Emma'!J82 -> 16
A8: =A7+1 -> 3 | B8: Tom | C8: ='Groepsfase Tom'!J82 -> 16
A9: =A8+1 -> 4 | B9: Nova | C9: ='Groepsfase Nova'!J82 -> 21
A10: =A9+1 -> 5 | B10: Koen N | C10: ='Groepsfase Koen N'!J82 -> 16
A11: =A10+1 -> 6 | B11: Frederique | C11: ='Groepsfase Frederique'!J82 -> 13
A12: =A11+1 -> 7 | B12: PP | C12: ='Groepsfase PP'!J82 -> 15
A13: =A12+1 -> 8 | B13: Gies | C13: ='Groepsfase Gies'!J82 -> 18
A14: =A13+1 -> 9 | B14: Guusje | C14: ='Groepsfase Guusje'!J82 -> 10
A15: =A14+1 -> 10 | B15: Esther | C15: ='Groepsfase Esther'!J82 -> 20
A16: =A15+1 -> 11 | B16: Pleun/Max | C16: ='Groepsfase Pleun'!J82 -> 11
A17: =A16+1 -> 12 | B17: Niek | C17: ='Groepsfase Niek'!J82 -> 15
A18: =A17+1 -> 13 | B18: Patrick | C18: ='Groepsfase Patrick'!J82 -> 18
A19: =A18+1 -> 14 | B19: Maartje | C19: ='Groepsfase Maartje'!J82 -> 15
A20: =A19+1 -> 15 | B20: Sam | C20: ='Groepsfase Sam'!J82 -> 14
A21: =A20+1 -> 16 | B21: Guus | C21: ='Groepsfase Guus'!J82 -> 20
A22: =A21+1 -> 17 | B22: Bram | C22: ='Groepsfase Bram'!J82 -> 15
A23: =A22+1 -> 18 | B23: Puck/Kiki | C23: ='Groepsfase Puck'!J82 -> 15
A24: =A23+1 -> 19 | B24: Mart | C24: ='Groepsfase Mart'!J82 -> 16
A25: =A24+1 -> 20 | B25: Jetski | C25: ='Groepsfase Jetski'!J82 -> 12
A26: =A25+1 -> 21 | B26: Dennis | C26: ='Groepsfase Dennis'!J82 -> 21
A27: =A26+1 -> 22 | B27: Froukje | C27: ='Groepsfase Froukje'!J82 -> 11
A28: =A27+1 -> 23 | B28: Edward | C28: ='Groepsfase Edward'!J82 -> 15
A29: =A28+1 -> 24 | B29: Lucas/Herwin | C29: ='Groepsfase Lucas'!J82 -> 14
A30: =A29+1 -> 25 | B30: Bobbi | C30: ='Groepsfase Bobbi'!J82 -> 15
A31: =A30+1 -> 26 | B31: Koen B | C31: ='Groepsfase Koen B'!J82 -> 12
A32: =A31+1 -> 27 | B32: Floris | C32: ='Groepsfase Floris'!J82 -> 22
A33: =A32+1 -> 28 | B33: Gijs | C33: ='Groepsfase Gijs'!J82 -> 15
A34: =A33+1 -> 29 | B34: Van der geize | C34: ='Groepsfase vd Geize'!J82 -> 18
A35: =A34+1 -> 30 | B35: Freek | C35: ='Groepsfase Freek'!J82 -> 22
A36: =A35+1 -> 31 | B36: Nanne | C36: ='Groepsfase Nanne'!J82 -> 17
A37: =A36+1 -> 32 | B37: Mats/Koen | C37: ='Groepsfase Mats'!J82 -> 19
A38: 33 | B38: Teun | C38: ='Groepsfase Teun'!J82 -> 16
A39: 34 | B39: Ollie | C39: ='Groepsfase Ollie'!J82 -> 13
A40: 35 | B40: AI | C40: ='Groepsfase AI'!J82 -> 10

Sheet Groepsfase Thijs
J6: Punten
A8: Nr | B8: Datum | C8: Groep | D8: Thuis | E8: T | F8: U | G8: Uit | H8: Res
A9: 1 | B9: 2026-06-11 | C9: A | D9: Mexico | E9: 3 | F9: 1 | G9: South Africa | H9: =IF(AND(E9<>"",F9<>""),IF(E9>F9,"H",IF(E9<F9,"A","D")),"") -> H | J9: 1
A10: 2 | B10: 2026-06-11 | C10: A | D10: South Korea | E10: 1 | F10: 0 | G10: Tsjechië | H10: =IF(AND(E10<>"",F10<>""),IF(E10>F10,"H",IF(E10<F10,"A","D")),"") -> H | J10: 1
A11: 3 | B11: 2026-06-18 | C11: A | D11: Tsjechië | E11: 2 | F11: 1 | G11: South Africa | H11: =IF(AND(E11<>"",F11<>""),IF(E11>F11,"H",IF(E11<F11,"A","D")),"") -> H
A12: 4 | B12: 2026-06-18 | C12: A | D12: Mexico | E12: 1 | F12: 0 | G12: South Korea | H12: =IF(AND(E12<>"",F12<>""),IF(E12>F12,"H",IF(E12<F12,"A","D")),"") -> H
A13: 5 | B13: 2026-06-24 | C13: A | D13: Tsjechië | E13: 0 | F13: 1 | G13: Mexico | H13: =IF(AND(E13<>"",F13<>""),IF(E13>F13,"H",IF(E13<F13,"A","D")),"") -> A
A14: 6 | B14: 2026-06-24 | C14: A | D14: South Africa | E14: 1 | F14: 0 | G14: South Korea | H14: =IF(AND(E14<>"",F14<>""),IF(E14>F14,"H",IF(E14<F14,"A","D")),"") -> H
A15: 7 | B15: 2026-06-12 | C15: B | D15: Canada | E15: 0 | F15: 2 | G15: Bosnië-Herzegovina | H15: =IF(AND(E15<>"",F15<>""),IF(E15>F15,"H",IF(E15<F15,"A","D")),"") -> A | J15: 0
A16: 8 | B16: 2026-06-13 | C16: B | D16: Qatar | E16: 0 | F16: 1 | G16: Switzerland | H16: =IF(AND(E16<>"",F16<>""),IF(E16>F16,"H",IF(E16<F16,"A","D")),"") -> A | J16: 0
A17: 9 | B17: 2026-06-18 | C17: B | D17: Switzerland | E17: 2 | F17: 1 | G17: Bosnië-Herzegovina | H17: =IF(AND(E17<>"",F17<>""),IF(E17>F17,"H",IF(E17<F17,"A","D")),"") -> H
A18: 10 | B18: 2026-06-18 | C18: B | D18: Canada | E18: 1 | F18: 1 | G18: Qatar | H18: =IF(AND(E18<>"",F18<>""),IF(E18>F18,"H",IF(E18<F18,"A","D")),"") -> D
A19: 11 | B19: 2026-06-24 | C19: B | D19: Switzerland | E19: 2 | F19: 1 | G19: Canada | H19: =IF(AND(E19<>"",F19<>""),IF(E19>F19,"H",IF(E19<F19,"A","D")),"") -> H
A20: 12 | B20: 2026-06-24 | C20: B | D20: Bosnië-Herzegovina | E20: 1 | F20: 0 | G20: Qatar | H20: =IF(AND(E20<>"",F20<>""),IF(E20>F20,"H",IF(E20<F20,"A","D")),"") -> H
A21: 13 | B21: 2026-06-13 | C21: C | D21: Brazil | E21: 1 | F21: 0 | G21: Morocco | H21: =IF(AND(E21<>"",F21<>""),IF(E21>F21,"H",IF(E21<F21,"A","D")),"") -> H | J21: 0
A22: 14 | B22: 2026-06-13 | C22: C | D22: Haiti | E22: 0 | F22: 2 | G22: Scotland | H22: =IF(AND(E22<>"",F22<>""),IF(E22>F22,"H",IF(E22<F22,"A","D")),"") -> A | J22: 1
A23: 15 | B23: 2026-06-19 | C23: C | D23: Scotland | E23: 0 | F23: 1 | G23: Morocco | H23: =IF(AND(E23<>"",F23<>""),IF(E23>F23,"H",IF(E23<F23,"A","D")),"") -> A
A24: 16 | B24: 2026-06-19 | C24: C | D24: Brazil | E24: 2 | F24: 0 | G24: Haiti | H24: =IF(AND(E24<>"",F24<>""),IF(E24>F24,"H",IF(E24<F24,"A","D")),"") -> H
A25: 17 | B25: 2026-06-24 | C25: C | D25: Scotland | E25: 0 | F25: 2 | G25: Brazil | H25: =IF(AND(E25<>"",F25<>""),IF(E25>F25,"H",IF(E25<F25,"A","D")),"") -> A
A26: 18 | B26: 2026-06-24 | C26: C | D26: Morocco | E26: 1 | F26: 0 | G26: Haiti | H26: =IF(AND(E26<>"",F26<>""),IF(E26>F26,"H",IF(E26<F26,"A","D")),"") -> H
A27: 19 | B27: 2026-06-12 | C27: D | D27: USA | E27: 2 | F27: 1 | G27: Paraguay | H27: =IF(AND(E27<>"",F27<>""),IF(E27>F27,"H",IF(E27<F27,"A","D")),"") -> H | J27: 1
A28: 20 | B28: 2026-06-13 | C28: D | D28: Australia | E28: 1 | F28: 2 | G28: Turkije | H28: =IF(AND(E28<>"",F28<>""),IF(E28>F28,"H",IF(E28<F28,"A","D")),"") -> A | J28: 0
A29: 21 | B29: 2026-06-19 | C29: D | D29: USA | E29: 2 | F29: 1 | G29: Australia | H29: =IF(AND(E29<>"",F29<>""),IF(E29>F29,"H",IF(E29<F29,"A","D")),"") -> H
A30: 22 | B30: 2026-06-19 | C30: D | D30: Turkije | E30: 2 | F30: 1 | G30: Paraguay | H30: =IF(AND(E30<>"",F30<>""),IF(E30>F30,"H",IF(E30<F30,"A","D")),"") -> H
A31: 23 | B31: 2026-06-25 | C31: D | D31: Turkije | E31: 2 | F31: 1 | G31: USA | H31: =IF(AND(E31<>"",F31<>""),IF(E31>F31,"H",IF(E31<F31,"A","D")),"") -> H
A32: 24 | B32: 2026-06-25 | C32: D | D32: Paraguay | E32: 1 | F32: 1 | G32: Australia | H32: =IF(AND(E32<>"",F32<>""),IF(E32>F32,"H",IF(E32<F32,"A","D")),"") -> D
A33: 25 | B33: 2026-06-14 | C33: E | D33: Germany | E33: 3 | F33: 1 | G33: Curaçao | H33: =IF(AND(E33<>"",F33<>""),IF(E33>F33,"H",IF(E33<F33,"A","D")),"") -> H | J33: 1
A34: 26 | B34: 2026-06-14 | C34: E | D34: Ivory Coast | E34: 2 | F34: 1 | G34: Ecuador | H34: =IF(AND(E34<>"",F34<>""),IF(E34>F34,"H",IF(E34<F34,"A","D")),"") -> H | J34: 1
A35: 27 | B35: 2026-06-20 | C35: E | D35: Germany | E35: 2 | F35: 1 | G35: Ivory Coast | H35: =IF(AND(E35<>"",F35<>""),IF(E35>F35,"H",IF(E35<F35,"A","D")),"") -> H
A36: 28 | B36: 2026-06-20 | C36: E | D36: Ecuador | E36: 1 | F36: 1 | G36: Curaçao | H36: =IF(AND(E36<>"",F36<>""),IF(E36>F36,"H",IF(E36<F36,"A","D")),"") -> D
A37: 29 | B37: 2026-06-25 | C37: E | D37: Ecuador | E37: 1 | F37: 2 | G37: Germany | H37: =IF(AND(E37<>"",F37<>""),IF(E37>F37,"H",IF(E37<F37,"A","D")),"") -> A
A38: 30 | B38: 2026-06-25 | C38: E | D38: Curaçao | E38: 1 | F38: 2 | G38: Ivory Coast | H38: =IF(AND(E38<>"",F38<>""),IF(E38>F38,"H",IF(E38<F38,"A","D")),"") -> A
A39: 31 | B39: 2026-06-14 | C39: F | D39: Netherlands | E39: 1 | F39: 1 | G39: Japan | H39: =IF(AND(E39<>"",F39<>""),IF(E39>F39,"H",IF(E39<F39,"A","D")),"") -> D | J39: 1
A40: 32 | B40: 2026-06-14 | C40: F | D40: Zweden | E40: 2 | F40: 1 | G40: Tunisia | H40: =IF(AND(E40<>"",F40<>""),IF(E40>F40,"H",IF(E40<F40,"A","D")),"") -> H | J40: 1
A41: 33 | B41: 2026-06-20 | C41: F | D41: Netherlands | E41: 2 | F41: 1 | G41: Zweden | H41: =IF(AND(E41<>"",F41<>""),IF(E41>F41,"H",IF(E41<F41,"A","D")),"") -> H
A42: 34 | B42: 2026-06-20 | C42: F | D42: Tunisia | E42: 0 | F42: 1 | G42: Japan | H42: =IF(AND(E42<>"",F42<>""),IF(E42>F42,"H",IF(E42<F42,"A","D")),"") -> A
A43: 35 | B43: 2026-06-25 | C43: F | D43: Japan | E43: 2 | F43: 1 | G43: Zweden | H43: =IF(AND(E43<>"",F43<>""),IF(E43>F43,"H",IF(E43<F43,"A","D")),"") -> H
A44: 36 | B44: 2026-06-25 | C44: F | D44: Tunisia | E44: 1 | F44: 2 | G44: Netherlands | H44: =IF(AND(E44<>"",F44<>""),IF(E44>F44,"H",IF(E44<F44,"A","D")),"") -> A
A45: 37 | B45: 2026-06-15 | C45: G | D45: Belgium | E45: 2 | F45: 1 | G45: Egypt | H45: =IF(AND(E45<>"",F45<>""),IF(E45>F45,"H",IF(E45<F45,"A","D")),"") -> H | J45: 0
A46: 38 | B46: 2026-06-15 | C46: G | D46: Iran | E46: 0 | F46: 1 | G46: New Zealand | H46: =IF(AND(E46<>"",F46<>""),IF(E46>F46,"H",IF(E46<F46,"A","D")),"") -> A | J46: 0
A47: 39 | B47: 2026-06-21 | C47: G | D47: Belgium | E47: 2 | F47: 1 | G47: Iran | H47: =IF(AND(E47<>"",F47<>""),IF(E47>F47,"H",IF(E47<F47,"A","D")),"") -> H
A48: 40 | B48: 2026-06-21 | C48: G | D48: New Zealand | E48: 1 | F48: 2 | G48: Egypt | H48: =IF(AND(E48<>"",F48<>""),IF(E48>F48,"H",IF(E48<F48,"A","D")),"") -> A
A49: 41 | B49: 2026-06-26 | C49: G | D49: Egypt | E49: 2 | F49: 1 | G49: Iran | H49: =IF(AND(E49<>"",F49<>""),IF(E49>F49,"H",IF(E49<F49,"A","D")),"") -> H
A50: 42 | B50: 2026-06-26 | C50: G | D50: New Zealand | E50: 1 | F50: 2 | G50: Belgium | H50: =IF(AND(E50<>"",F50<>""),IF(E50>F50,"H",IF(E50<F50,"A","D")),"") -> A
A51: 43 | B51: 2026-06-15 | C51: H | D51: Spain | E51: 2 | F51: 1 | G51: Cape Verde | H51: =IF(AND(E51<>"",F51<>""),IF(E51>F51,"H",IF(E51<F51,"A","D")),"") -> H | J51: 0
A52: 44 | B52: 2026-06-15 | C52: H | D52: Saudi Arabia | E52: 1 | F52: 2 | G52: Uruguay | H52: =IF(AND(E52<>"",F52<>""),IF(E52>F52,"H",IF(E52<F52,"A","D")),"") -> A | J52: 0
A53: 45 | B53: 2026-06-21 | C53: H | D53: Spain | E53: 2 | F53: 1 | G53: Saudi Arabia | H53: =IF(AND(E53<>"",F53<>""),IF(E53>F53,"H",IF(E53<F53,"A","D")),"") -> H
A54: 46 | B54: 2026-06-21 | C54: H | D54: Uruguay | E54: 2 | F54: 1 | G54: Cape Verde | H54: =IF(AND(E54<>"",F54<>""),IF(E54>F54,"H",IF(E54<F54,"A","D")),"") -> H
A55: 47 | B55: 2026-06-26 | C55: H | D55: Cape Verde | E55: 2 | F55: 1 | G55: Saudi Arabia | H55: =IF(AND(E55<>"",F55<>""),IF(E55>F55,"H",IF(E55<F55,"A","D")),"") -> H
A56: 48 | B56: 2026-06-26 | C56: H | D56: Uruguay | E56: 1 | F56: 2 | G56: Spain | H56: =IF(AND(E56<>"",F56<>""),IF(E56>F56,"H",IF(E56<F56,"A","D")),"") -> A
A57: 49 | B57: 2026-06-16 | C57: I | D57: France | E57: 2 | F57: 1 | G57: Senegal | H57: =IF(AND(E57<>"",F57<>""),IF(E57>F57,"H",IF(E57<F57,"A","D")),"") -> H | J57: 1
A58: 50 | B58: 2026-06-16 | C58: I | D58: Irak | E58: 1 | F58: 2 | G58: Norway | H58: =IF(AND(E58<>"",F58<>""),IF(E58>F58,"H",IF(E58<F58,"A","D")),"") -> A | J58: 1
A59: 51 | B59: 2026-06-22 | C59: I | D59: France | E59: 2 | F59: 0 | G59: Irak | H59: =IF(AND(E59<>"",F59<>""),IF(E59>F59,"H",IF(E59<F59,"A","D")),"") -> H
A60: 52 | B60: 2026-06-22 | C60: I | D60: Norway | E60: 1 | F60: 1 | G60: Senegal | H60: =IF(AND(E60<>"",F60<>""),IF(E60>F60,"H",IF(E60<F60,"A","D")),"") -> D
A61: 53 | B61: 2026-06-26 | C61: I | D61: Norway | E61: 1 | F61: 2 | G61: France | H61: =IF(AND(E61<>"",F61<>""),IF(E61>F61,"H",IF(E61<F61,"A","D")),"") -> A
A62: 54 | B62: 2026-06-26 | C62: I | D62: Senegal | E62: 1 | F62: 0 | G62: Irak | H62: =IF(AND(E62<>"",F62<>""),IF(E62>F62,"H",IF(E62<F62,"A","D")),"") -> H
A63: 55 | B63: 2026-06-16 | C63: J | D63: Argentina | E63: 2 | F63: 0 | G63: Algeria | H63: =IF(AND(E63<>"",F63<>""),IF(E63>F63,"H",IF(E63<F63,"A","D")),"") -> H | J63: 1
A64: 56 | B64: 2026-06-16 | C64: J | D64: Austria | E64: 1 | F64: 1 | G64: Jordan | H64: =IF(AND(E64<>"",F64<>""),IF(E64>F64,"H",IF(E64<F64,"A","D")),"") -> D | J64: 0
A65: 57 | B65: 2026-06-22 | C65: J | D65: Argentina | E65: 2 | F65: 1 | G65: Austria | H65: =IF(AND(E65<>"",F65<>""),IF(E65>F65,"H",IF(E65<F65,"A","D")),"") -> H
A66: 58 | B66: 2026-06-22 | C66: J | D66: Jordan | E66: 1 | F66: 2 | G66: Algeria | H66: =IF(AND(E66<>"",F66<>""),IF(E66>F66,"H",IF(E66<F66,"A","D")),"") -> A
A67: 59 | B67: 2026-06-27 | C67: J | D67: Algeria | E67: 2 | F67: 1 | G67: Austria | H67: =IF(AND(E67<>"",F67<>""),IF(E67>F67,"H",IF(E67<F67,"A","D")),"") -> H
A68: 60 | B68: 2026-06-27 | C68: J | D68: Jordan | E68: 1 | F68: 2 | G68: Argentina | H68: =IF(AND(E68<>"",F68<>""),IF(E68>F68,"H",IF(E68<F68,"A","D")),"") -> A
A69: 61 | B69: 2026-06-17 | C69: K | D69: Portugal | E69: 2 | F69: 1 | G69: DR Congo | H69: =IF(AND(E69<>"",F69<>""),IF(E69>F69,"H",IF(E69<F69,"A","D")),"") -> H | J69: 0
A70: 62 | B70: 2026-06-17 | C70: K | D70: Uzbekistan | E70: 1 | F70: 2 | G70: Colombia | H70: =IF(AND(E70<>"",F70<>""),IF(E70>F70,"H",IF(E70<F70,"A","D")),"") -> A | J70: 1
A71: 63 | B71: 2026-06-23 | C71: K | D71: Portugal | E71: 2 | F71: 1 | G71: Uzbekistan | H71: =IF(AND(E71<>"",F71<>""),IF(E71>F71,"H",IF(E71<F71,"A","D")),"") -> H
A72: 64 | B72: 2026-06-23 | C72: K | D72: Colombia | E72: 2 | F72: 1 | G72: DR Congo | H72: =IF(AND(E72<>"",F72<>""),IF(E72>F72,"H",IF(E72<F72,"A","D")),"") -> H
A73: 65 | B73: 2026-06-27 | C73: K | D73: Colombia | E73: 2 | F73: 1 | G73: Portugal | H73: =IF(AND(E73<>"",F73<>""),IF(E73>F73,"H",IF(E73<F73,"A","D")),"") -> H
A74: 66 | B74: 2026-06-27 | C74: K | D74: DR Congo | E74: 1 | F74: 2 | G74: Uzbekistan | H74: =IF(AND(E74<>"",F74<>""),IF(E74>F74,"H",IF(E74<F74,"A","D")),"") -> A
A75: 67 | B75: 2026-06-17 | C75: L | D75: England | E75: 2 | F75: 2 | G75: Croatia | H75: =IF(AND(E75<>"",F75<>""),IF(E75>F75,"H",IF(E75<F75,"A","D")),"") -> D | J75: 0
A76: 68 | B76: 2026-06-17 | C76: L | D76: Ghana | E76: 1 | F76: 2 | G76: Panama | H76: =IF(AND(E76<>"",F76<>""),IF(E76>F76,"H",IF(E76<F76,"A","D")),"") -> A | J76: 0
A77: 69 | B77: 2026-06-23 | C77: L | D77: England | E77: 2 | F77: 1 | G77: Ghana | H77: =IF(AND(E77<>"",F77<>""),IF(E77>F77,"H",IF(E77<F77,"A","D")),"") -> H
A78: 70 | B78: 2026-06-23 | C78: L | D78: Panama | E78: 1 | F78: 2 | G78: Croatia | H78: =IF(AND(E78<>"",F78<>""),IF(E78>F78,"H",IF(E78<F78,"A","D")),"") -> A
A79: 71 | B79: 2026-06-27 | C79: L | D79: Panama | E79: 1 | F79: 2 | G79: England | H79: =IF(AND(E79<>"",F79<>""),IF(E79>F79,"H",IF(E79<F79,"A","D")),"") -> A
A80: 72 | B80: 2026-06-27 | C80: L | D80: Croatia | E80: 1 | F80: 2 | G80: Ghana | H80: =IF(AND(E80<>"",F80<>""),IF(E80>F80,"H",IF(E80<F80,"A","D")),"") -> A
J82: =SUM(J8:J80) -> 12

Sheet Knock-out Thijs
A8: Teams laatste 32 | D8: Teams laatste 16 | G8: Teams laatste 8 | J8: Teams laatste 4 | M8: Teams Finale | P8: Winnaar
A10: 1 | B10: nederland | D10: 1 | E10: nederland | G10: 1 | H10: nederland | J10: 1 | K10: nederland | M10: 1 | N10: nederland | P10: 1 | Q10: frankrijk
A11: =A10+1 -> 2 | B11: mexico | D11: =D10+1 -> 2 | E11: mexico | G11: =G10+1 -> 2 | H11: japan | J11: =J10+1 -> 2 | K11: japan | M11: =M10+1 -> 2 | N11: frankrijk
A12: =A11+1 -> 3 | B12: zuid korea | D12: =D11+1 -> 3 | E12: duitsland | G12: =G11+1 -> 3 | H12: zweden | J12: =J11+1 -> 3 | K12: frankrijk
A13: =A12+1 -> 4 | B13: canada | D13: =D12+1 -> 4 | E13: japan | G13: =G12+1 -> 4 | H13: engeland | J13: =J12+1 -> 4 | K13: mexico
A14: =A13+1 -> 5 | B14: bosnie | D14: =D13+1 -> 5 | E14: spanje | G14: =G13+1 -> 5 | H14: frankrijk
A15: =A14+1 -> 6 | B15: usa | D15: =D14+1 -> 6 | E15: belgie | G15: =G14+1 -> 6 | H15: spanje
A16: =A15+1 -> 7 | B16: paraguay | D16: =D15+1 -> 7 | E16: portugal | G16: =G15+1 -> 7 | H16: mexico
A17: =A16+1 -> 8 | B17: duitsland | D17: =D16+1 -> 8 | E17: argentinie | G17: =G16+1 -> 8 | H17: ghana
A18: =A17+1 -> 9 | B18: curacao | D18: =D17+1 -> 9 | E18: engeland
A19: =A18+1 -> 10 | B19: japan | D19: =D18+1 -> 10 | E19: zweden
A20: =A19+1 -> 11 | B20: belgie | D20: =D19+1 -> 11 | E20: turkije | H20: Bonus Vragen:
A21: =A20+1 -> 12 | B21: egytpte | D21: =D20+1 -> 12 | E21: frankrijk
A22: =A21+1 -> 13 | B22: spanje | D22: =D21+1 -> 13 | E22: kroatie | H22: 1. Topscoorder toernooi | K22: harry kane
A23: =A22+1 -> 14 | B23: kaapverdie | D23: =D22+1 -> 14 | E23: ghana | H23: 2. Land met 1e rode kaart | K23: zuid afrika
A24: =A23+1 -> 15 | B24: frankrijk | D24: =D23+1 -> 15 | E24: tjechie | H24: 3. Beste speler toernooi | K24: dumfries
A25: =A24+1 -> 16 | B25: senegal | D25: =D24+1 -> 16 | E25: paraguay
A26: =A25+1 -> 17 | B26: argentinie | H26: Totaal aantal doelpunten | K26: 214
A27: =A26+1 -> 18 | B27: algerije | H27: (bij gelijke stand)
A28: =A27+1 -> 19 | B28: portugal
A29: =A28+1 -> 20 | B29: congo
A30: =A29+1 -> 21 | B30: oezbekistan
A31: =A30+1 -> 22 | B31: engeland
A32: =A31+1 -> 23 | B32: kroatie
A33: =A32+1 -> 24 | B33: ghana
A34: =A33+1 -> 25 | B34: oostenrijk
A35: =A34+1 -> 26 | B35: noorwegen
A36: =A35+1 -> 27 | B36: colombia
A37: =A36+1 -> 28 | B37: uruguay
A38: =A37+1 -> 29 | B38: zweden
A39: =A38+1 -> 30 | B39: turkije
... A41: =A40+1 -> 32 | B41: tjechie

Sheet Groepsfase Emma
J6: Punten
A8: Nr | B8: Datum | C8: Groep | D8: Thuis | E8: T | F8: U | G8: Uit | H8: Res
A9: 1 | B9: 2026-06-11 | C9: A | D9: Mexico | E9: 2 | F9: 0 | G9: South Africa | H9: =IF(AND(E9<>"",F9<>""),IF(E9>F9,"H",IF(E9<F9,"A","D")),"") -> H | J9: 3
A10: 2 | B10: 2026-06-11 | C10: A | D10: South Korea | E10: 2 | F10: 1 | G10: Tsjechië | H10: =IF(AND(E10<>"",F10<>""),IF(E10>F10,"H",IF(E10<F10,"A","D")),"") -> H | J10: 3
A11: 3 | B11: 2026-06-18 | C11: A | D11: Tsjechië | E11: 2 | F11: 1 | G11: South Africa | H11: =IF(AND(E11<>"",F11<>""),IF(E11>F11,"H",IF(E11<F11,"A","D")),"") -> H
A12: 4 | B12: 2026-06-18 | C12: A | D12: Mexico | E12: 2 | F12: 1 | G12: South Korea | H12: =IF(AND(E12<>"",F12<>""),IF(E12>F12,"H",IF(E12<F12,"A","D")),"") -> H
A13: 5 | B13: 2026-06-24 | C13: A | D13: Tsjechië | E13: 1 | F13: 2 | G13: Mexico | H13: =IF(AND(E13<>"",F13<>""),IF(E13>F13,"H",IF(E13<F13,"A","D")),"") -> A
A14: 6 | B14: 2026-06-24 | C14: A | D14: South Africa | E14: 1 | F14: 2 | G14: South Korea | H14: =IF(AND(E14<>"",F14<>""),IF(E14>F14,"H",IF(E14<F14,"A","D")),"") -> A
A15: 7 | B15: 2026-06-12 | C15: B | D15: Canada | E15: 2 | F15: 1 | G15: Bosnië-Herzegovina | H15: =IF(AND(E15<>"",F15<>""),IF(E15>F15,"H",IF(E15<F15,"A","D")),"") -> H | J15: 0
A16: 8 | B16: 2026-06-13 | C16: B | D16: Qatar | E16: 0 | F16: 2 | G16: Switzerland | H16: =IF(AND(E16<>"",F16<>""),IF(E16>F16,"H",IF(E16<F16,"A","D")),"") -> A | J16: 0
A17: 9 | B17: 2026-06-18 | C17: B | D17: Switzerland | E17: 2 | F17: 1 | G17: Bosnië-Herzegovina | H17: =IF(AND(E17<>"",F17<>""),IF(E17>F17,"H",IF(E17<F17,"A","D")),"") -> H
A18: 10 | B18: 2026-06-18 | C18: B | D18: Canada | E18: 3 | F18: 0 | G18: Qatar | H18: =IF(AND(E18<>"",F18<>""),IF(E18>F18,"H",IF(E18<F18,"A","D")),"") -> H
A19: 11 | B19: 2026-06-24 | C19: B | D19: Switzerland | E19: 1 | F19: 1 | G19: Canada | H19: =IF(AND(E19<>"",F19<>""),IF(E19>F19,"H",IF(E19<F19,"A","D")),"") -> D
A20: 12 | B20: 2026-06-24 | C20: B | D20: Bosnië-Herzegovina | E20: 2 | F20: 1 | G20: Qatar | H20: =IF(AND(E20<>"",F20<>""),IF(E20>F20,"H",IF(E20<F20,"A","D")),"") -> H
A21: 13 | B21: 2026-06-13 | C21: C | D21: Brazil | E21: 2 | F21: 0 | G21: Morocco | H21: =IF(AND(E21<>"",F21<>""),IF(E21>F21,"H",IF(E21<F21,"A","D")),"") -> H | J21: 0
A22: 14 | B22: 2026-06-13 | C22: C | D22: Haiti | E22: 1 | F22: 2 | G22: Scotland | H22: =IF(AND(E22<>"",F22<>""),IF(E22>F22,"H",IF(E22<F22,"A","D")),"") -> A | J22: 1
A23: 15 | B23: 2026-06-19 | C23: C | D23: Scotland | E23: 1 | F23: 2 | G23: Morocco | H23: =IF(AND(E23<>"",F23<>""),IF(E23>F23,"H",IF(E23<F23,"A","D")),"") -> A
A24: 16 | B24: 2026-06-19 | C24: C | D24: Brazil | E24: 4 | F24: 0 | G24: Haiti | H24: =IF(AND(E24<>"",F24<>""),IF(E24>F24,"H",IF(E24<F24,"A","D")),"") -> H
A25: 17 | B25: 2026-06-24 | C25: C | D25: Scotland | E25: 0 | F25: 4 | G25: Brazil | H25: =IF(AND(E25<>"",F25<>""),IF(E25>F25,"H",IF(E25<F25,"A","D")),"") -> A
A26: 18 | B26: 2026-06-24 | C26: C | D26: Morocco | E26: 2 | F26: 0 | G26: Haiti | H26: =IF(AND(E26<>"",F26<>""),IF(E26>F26,"H",IF(E26<F26,"A","D")),"") -> H
A27: 19 | B27: 2026-06-12 | C27: D | D27: USA | E27: 2 | F27: 0 | G27: Paraguay | H27: =IF(AND(E27<>"",F27<>""),IF(E27>F27,"H",IF(E27<F27,"A","D")),"") -> H | J27: 1
A28: 20 | B28: 2026-06-13 | C28: D | D28: Australia | E28: 1 | F28: 2 | G28: Turkije | H28: =IF(AND(E28<>"",F28<>""),IF(E28>F28,"H",IF(E28<F28,"A","D")),"") -> A | J28: 0
A29: 21 | B29: 2026-06-19 | C29: D | D29: USA | E29: 2 | F29: 0 | G29: Australia | H29: =IF(AND(E29<>"",F29<>""),IF(E29>F29,"H",IF(E29<F29,"A","D")),"") -> H
A30: 22 | B30: 2026-06-19 | C30: D | D30: Turkije | E30: 2 | F30: 1 | G30: Paraguay | H30: =IF(AND(E30<>"",F30<>""),IF(E30>F30,"H",IF(E30<F30,"A","D")),"") -> H
A31: 23 | B31: 2026-06-25 | C31: D | D31: Turkije | E31: 1 | F31: 2 | G31: USA | H31: =IF(AND(E31<>"",F31<>""),IF(E31>F31,"H",IF(E31<F31,"A","D")),"") -> A
A32: 24 | B32: 2026-06-25 | C32: D | D32: Paraguay | E32: 1 | F32: 1 | G32: Australia | H32: =IF(AND(E32<>"",F32<>""),IF(E32>F32,"H",IF(E32<F32,"A","D")),"") -> D
A33: 25 | B33: 2026-06-14 | C33: E | D33: Germany | E33: 4 | F33: 0 | G33: Curaçao | H33: =IF(AND(E33<>"",F33<>""),IF(E33>F33,"H",IF(E33<F33,"A","D")),"") -> H | J33: 1
A34: 26 | B34: 2026-06-14 | C34: E | D34: Ivory Coast | E34: 1 | F34: 1 | G34: Ecuador | H34: =IF(AND(E34<>"",F34<>""),IF(E34>F34,"H",IF(E34<F34,"A","D")),"") -> D | J34: 0
A35: 27 | B35: 2026-06-20 | C35: E | D35: Germany | E35: 4 | F35: 0 | G35: Ivory Coast | H35: =IF(AND(E35<>"",F35<>""),IF(E35>F35,"H",IF(E35<F35,"A","D")),"") -> H
A36: 28 | B36: 2026-06-20 | C36: E | D36: Ecuador | E36: 2 | F36: 1 | G36: Curaçao | H36: =IF(AND(E36<>"",F36<>""),IF(E36>F36,"H",IF(E36<F36,"A","D")),"") -> H
A37: 29 | B37: 2026-06-25 | C37: E | D37: Ecuador | E37: 0 | F37: 4 | G37: Germany | H37: =IF(AND(E37<>"",F37<>""),IF(E37>F37,"H",IF(E37<F37,"A","D")),"") -> A
A38: 30 | B38: 2026-06-25 | C38: E | D38: Curaçao | E38: 1 | F38: 2 | G38: Ivory Coast | H38: =IF(AND(E38<>"",F38<>""),IF(E38>F38,"H",IF(E38<F38,"A","D")),"") -> A
A39: 31 | B39: 2026-06-14 | C39: F | D39: Netherlands | E39: 2 | F39: 1 | G39: Japan | H39: =IF(AND(E39<>"",F39<>""),IF(E39>F39,"H",IF(E39<F39,"A","D")),"") -> H | J39: 0
A40: 32 | B40: 2026-06-14 | C40: F | D40: Zweden | E40: 1 | F40: 1 | G40: Tunisia | H40: =IF(AND(E40<>"",F40<>""),IF(E40>F40,"H",IF(E40<F40,"A","D")),"") -> D | J40: 0
A41: 33 | B41: 2026-06-20 | C41: F | D41: Netherlands | E41: 2 | F41: 0 | G41: Zweden | H41: =IF(AND(E41<>"",F41<>""),IF(E41>F41,"H",IF(E41<F41,"A","D")),"") -> H
A42: 34 | B42: 2026-06-20 | C42: F | D42: Tunisia | E42: 1 | F42: 2 | G42: Japan | H42: =IF(AND(E42<>"",F42<>""),IF(E42>F42,"H",IF(E42<F42,"A","D")),"") -> A
A43: 35 | B43: 2026-06-25 | C43: F | D43: Japan | E43: 2 | F43: 1 | G43: Zweden | H43: =IF(AND(E43<>"",F43<>""),IF(E43>F43,"H",IF(E43<F43,"A","D")),"") -> H
A44: 36 | B44: 2026-06-25 | C44: F | D44: Tunisia | E44: 0 | F44: 2 | G44: Netherlands | H44: =IF(AND(E44<>"",F44<>""),IF(E44>F44,"H",IF(E44<F44,"A","D")),"") -> A
A45: 37 | B45: 2026-06-15 | C45: G | D45: Belgium | E45: 2 | F45: 0 | G45: Egypt | H45: =IF(AND(E45<>"",F45<>""),IF(E45>F45,"H",IF(E45<F45,"A","D")),"") -> H | J45: 0
A46: 38 | B46: 2026-06-15 | C46: G | D46: Iran | E46: 2 | F46: 1 | G46: New Zealand | H46: =IF(AND(E46<>"",F46<>""),IF(E46>F46,"H",IF(E46<F46,"A","D")),"") -> H | J46: 0
A47: 39 | B47: 2026-06-21 | C47: G | D47: Belgium | E47: 2 | F47: 0 | G47: Iran | H47: =IF(AND(E47<>"",F47<>""),IF(E47>F47,"H",IF(E47<F47,"A","D")),"") -> H
A48: 40 | B48: 2026-06-21 | C48: G | D48: New Zealand | E48: 1 | F48: 2 | G48: Egypt | H48: =IF(AND(E48<>"",F48<>""),IF(E48>F48,"H",IF(E48<F48,"A","D")),"") -> A
A49: 41 | B49: 2026-06-26 | C49: G | D49: Egypt | E49: 2 | F49: 1 | G49: Iran | H49: =IF(AND(E49<>"",F49<>""),IF(E49>F49,"H",IF(E49<F49,"A","D")),"") -> H
A50: 42 | B50: 2026-06-26 | C50: G | D50: New Zealand | E50: 0 | F50: 3 | G50: Belgium | H50: =IF(AND(E50<>"",F50<>""),IF(E50>F50,"H",IF(E50<F50,"A","D")),"") -> A
A51: 43 | B51: 2026-06-15 | C51: H | D51: Spain | E51: 4 | F51: 0 | G51: Cape Verde | H51: =IF(AND(E51<>"",F51<>""),IF(E51>F51,"H",IF(E51<F51,"A","D")),"") -> H | J51: 0
A52: 44 | B52: 2026-06-15 | C52: H | D52: Saudi Arabia | E52: 0 | F52: 2 | G52: Uruguay | H52: =IF(AND(E52<>"",F52<>""),IF(E52>F52,"H",IF(E52<F52,"A","D")),"") -> A | J52: 0
A53: 45 | B53: 2026-06-21 | C53: H | D53: Spain | E53: 2 | F53: 0 | G53: Saudi Arabia | H53: =IF(AND(E53<>"",F53<>""),IF(E53>F53,"H",IF(E53<F53,"A","D")),"") -> H
A54: 46 | B54: 2026-06-21 | C54: H | D54: Uruguay | E54: 3 | F54: 0 | G54: Cape Verde | H54: =IF(AND(E54<>"",F54<>""),IF(E54>F54,"H",IF(E54<F54,"A","D")),"") -> H
A55: 47 | B55: 2026-06-26 | C55: H | D55: Cape Verde | E55: 0 | F55: 1 | G55: Saudi Arabia | H55: =IF(AND(E55<>"",F55<>""),IF(E55>F55,"H",IF(E55<F55,"A","D")),"") -> A
A56: 48 | B56: 2026-06-26 | C56: H | D56: Uruguay | E56: 1 | F56: 2 | G56: Spain | H56: =IF(AND(E56<>"",F56<>""),IF(E56>F56,"H",IF(E56<F56,"A","D")),"") -> A
A57: 49 | B57: 2026-06-16 | C57: I | D57: France | E57: 2 | F57: 0 | G57: Senegal | H57: =IF(AND(E57<>"",F57<>""),IF(E57>F57,"H",IF(E57<F57,"A","D")),"") -> H | J57: 1
A58: 50 | B58: 2026-06-16 | C58: I | D58: Irak | E58: 0 | F58: 2 | G58: Norway | H58: =IF(AND(E58<>"",F58<>""),IF(E58>F58,"H",IF(E58<F58,"A","D")),"") -> A | J58: 1
A59: 51 | B59: 2026-06-22 | C59: I | D59: France | E59: 4 | F59: 0 | G59: Irak | H59: =IF(AND(E59<>"",F59<>""),IF(E59>F59,"H",IF(E59<F59,"A","D")),"") -> H
A60: 52 | B60: 2026-06-22 | C60: I | D60: Norway | E60: 2 | F60: 1 | G60: Senegal | H60: =IF(AND(E60<>"",F60<>""),IF(E60>F60,"H",IF(E60<F60,"A","D")),"") -> H
A61: 53 | B61: 2026-06-26 | C61: I | D61: Norway | E61: 0 | F61: 2 | G61: France | H61: =IF(AND(E61<>"",F61<>""),IF(E61>F61,"H",IF(E61<F61,"A","D")),"") -> A
A62: 54 | B62: 2026-06-26 | C62: I | D62: Senegal | E62: 2 | F62: 0 | G62: Irak | H62: =IF(AND(E62<>"",F62<>""),IF(E62>F62,"H",IF(E62<F62,"A","D")),"") -> H
A63: 55 | B63: 2026-06-16 | C63: J | D63: Argentina | E63: 4 | F63: 0 | G63: Algeria | H63: =IF(AND(E63<>"",F63<>""),IF(E63>F63,"H",IF(E63<F63,"A","D")),"") -> H | J63: 1
A64: 56 | B64: 2026-06-16 | C64: J | D64: Austria | E64: 2 | F64: 0 | G64: Jordan | H64: =IF(AND(E64<>"",F64<>""),IF(E64>F64,"H",IF(E64<F64,"A","D")),"") -> H | J64: 1
A65: 57 | B65: 2026-06-22 | C65: J | D65: Argentina | E65: 2 | F65: 0 | G65: Austria | H65: =IF(AND(E65<>"",F65<>""),IF(E65>F65,"H",IF(E65<F65,"A","D")),"") -> H
A66: 58 | B66: 2026-06-22 | C66: J | D66: Jordan | E66: 1 | F66: 2 | G66: Algeria | H66: =IF(AND(E66<>"",F66<>""),IF(E66>F66,"H",IF(E66<F66,"A","D")),"") -> A
A67: 59 | B67: 2026-06-27 | C67: J | D67: Algeria | E67: 1 | F67: 2 | G67: Austria | H67: =IF(AND(E67<>"",F67<>""),IF(E67>F67,"H",IF(E67<F67,"A","D")),"") -> A
A68: 60 | B68: 2026-06-27 | C68: J | D68: Jordan | E68: 0 | F68: 4 | G68: Argentina | H68: =IF(AND(E68<>"",F68<>""),IF(E68>F68,"H",IF(E68<F68,"A","D")),"") -> A
A69: 61 | B69: 2026-06-17 | C69: K | D69: Portugal | E69: 2 | F69: 0 | G69: DR Congo | H69: =IF(AND(E69<>"",F69<>""),IF(E69>F69,"H",IF(E69<F69,"A","D")),"") -> H | J69: 0
A70: 62 | B70: 2026-06-17 | C70: K | D70: Uzbekistan | E70: 1 | F70: 2 | G70: Colombia | H70: =IF(AND(E70<>"",F70<>""),IF(E70>F70,"H",IF(E70<F70,"A","D")),"") -> A | J70: 1
A71: 63 | B71: 2026-06-23 | C71: K | D71: Portugal | E71: 2 | F71: 0 | G71: Uzbekistan | H71: =IF(AND(E71<>"",F71<>""),IF(E71>F71,"H",IF(E71<F71,"A","D")),"") -> H
A72: 64 | B72: 2026-06-23 | C72: K | D72: Colombia | E72: 2 | F72: 1 | G72: DR Congo | H72: =IF(AND(E72<>"",F72<>""),IF(E72>F72,"H",IF(E72<F72,"A","D")),"") -> H
A73: 65 | B73: 2026-06-27 | C73: K | D73: Colombia | E73: 1 | F73: 2 | G73: Portugal | H73: =IF(AND(E73<>"",F73<>""),IF(E73>F73,"H",IF(E73<F73,"A","D")),"") -> A
A74: 66 | B74: 2026-06-27 | C74: K | D74: DR Congo | E74: 2 | F74: 1 | G74: Uzbekistan | H74: =IF(AND(E74<>"",F74<>""),IF(E74>F74,"H",IF(E74<F74,"A","D")),"") -> H
A75: 67 | B75: 2026-06-17 | C75: L | D75: England | E75: 2 | F75: 1 | G75: Croatia | H75: =IF(AND(E75<>"",F75<>""),IF(E75>F75,"H",IF(E75<F75,"A","D")),"") -> H | J75: 1
A76: 68 | B76: 2026-06-17 | C76: L | D76: Ghana | E76: 2 | F76: 1 | G76: Panama | H76: =IF(AND(E76<>"",F76<>""),IF(E76>F76,"H",IF(E76<F76,"A","D")),"") -> H | J76: 1
A77: 69 | B77: 2026-06-23 | C77: L | D77: England | E77: 2 | F77: 0 | G77: Ghana | H77: =IF(AND(E77<>"",F77<>""),IF(E77>F77,"H",IF(E77<F77,"A","D")),"") -> H
A78: 70 | B78: 2026-06-23 | C78: L | D78: Panama | E78: 1 | F78: 2 | G78: Croatia | H78: =IF(AND(E78<>"",F78<>""),IF(E78>F78,"H",IF(E78<F78,"A","D")),"") -> A
A79: 71 | B79: 2026-06-27 | C79: L | D79: Panama | E79: 0 | F79: 2 | G79: England | H79: =IF(AND(E79<>"",F79<>""),IF(E79>F79,"H",IF(E79<F79,"A","D")),"") -> A
A80: 72 | B80: 2026-06-27 | C80: L | D80: Croatia | E80: 2 | F80: 1 | G80: Ghana | H80: =IF(AND(E80<>"",F80<>""),IF(E80>F80,"H",IF(E80<F80,"A","D")),"") -> H
J82: =SUM(J8:J80) -> 16

Sheet Knock-out Emma 
A8: Teams laatste 32 | D8: Teams laatste 16 | G8: Teams laatste 8 | J8: Teams laatste 4 | M8: Teams Finale | P8: Winnaar
A10: 1 | B10: Mexico | D10: 1 | E10: France | G10: 1 | H10: France | J10: 1 | K10: France | M10: 1 | N10: France | P10: 1 | Q10: France
A11: =A10+1 -> 2 | B11: South Korea | D11: =D10+1 -> 2 | E11: England | G11: =G10+1 -> 2 | H11: England | J11: =J10+1 -> 2 | K11: Spain | M11: =M10+1 -> 2 | N11: Brazil
A12: =A11+1 -> 3 | B12: Canada | D12: =D11+1 -> 3 | E12: Spain | G12: =G11+1 -> 3 | H12: Spain | J12: =J11+1 -> 3 | K12: Brazil
A13: =A12+1 -> 4 | B13: Switzerland | D13: =D12+1 -> 4 | E13: Portugal | G13: =G12+1 -> 4 | H13: Portugal | J13: =J12+1 -> 4 | K13: Germany
A14: =A13+1 -> 5 | B14: Brazil | D14: =D13+1 -> 5 | E14: Brazil | G14: =G13+1 -> 5 | H14: Brazil
A15: =A14+1 -> 6 | B15: Morocco | D15: =D14+1 -> 6 | E15: Argentina | G15: =G14+1 -> 6 | H15: Argentina
A16: =A15+1 -> 7 | B16: USA | D16: =D15+1 -> 7 | E16: Germany | G16: =G15+1 -> 7 | H16: Germany
A17: =A16+1 -> 8 | B17: Turkey | D17: =D16+1 -> 8 | E17: Uruguay | G17: =G16+1 -> 8 | H17: Uruguay
A18: =A17+1 -> 9 | B18: Germany | D18: =D17+1 -> 9 | E18: Netherlands
A19: =A18+1 -> 10 | B19: Ecuador | D19: =D18+1 -> 10 | E19: USA
A20: =A19+1 -> 11 | B20: Netherlands | D20: =D19+1 -> 11 | E20: Belgium | H20: Bonus Vragen:
A21: =A20+1 -> 12 | B21: Japan | D21: =D20+1 -> 12 | E21: Morocco
A22: =A21+1 -> 13 | B22: Belgium | D22: =D21+1 -> 13 | E22: Mexico | H22: 1. Topscoorder toernooi | I22: Harry Kane (England)
A23: =A22+1 -> 14 | B23: Egypt | D23: =D22+1 -> 14 | E23: Colombia | H23: 2. Land met 1e rode kaart | I23: Uruguay
A24: =A23+1 -> 15 | B24: Spain | D24: =D23+1 -> 15 | E24: Japan | H24: 3. Beste speler toernooi | I24: Lamine Yamal (Spain)
A25: =A24+1 -> 16 | B25: Uruguay | D25: =D24+1 -> 16 | E25: Croatia
A26: =A25+1 -> 17 | B26: France | H26: Totaal aantal doelpunten | I26: 274
A27: =A26+1 -> 18 | B27: Norway | H27: (bij gelijke stand)
A28: =A27+1 -> 19 | B28: Argentina
A29: =A28+1 -> 20 | B29: Austria
A30: =A29+1 -> 21 | B30: Portugal
A31: =A30+1 -> 22 | B31: Colombia
A32: =A31+1 -> 23 | B32: England
A33: =A32+1 -> 24 | B33: Croatia
A34: =A33+1 -> 25 | B34: Tsjechië
A35: =A34+1 -> 26 | B35: Bosnië-Herzegovina
A36: =A35+1 -> 27 | B36: Scotland
A37: =A36+1 -> 28 | B37: Paraguay
A38: =A37+1 -> 29 | B38: Ivory Coast
A39: =A38+1 -> 30 | B39: Sweden
... A41: =A40+1 -> 32 | B41: Senegal

Sheet Groepsfase Tom
J6: Punten
A8: Nr | B8: Datum | C8: Groep | D8: Thuis | E8: T | F8: U | G8: Uit | H8: Res
A9: 1 | B9: 2026-06-11 | C9: A | D9: Mexico | E9: 2 | F9: 0 | G9: South Africa | H9: =IF(AND(E9<>"",F9<>""),IF(E9>F9,"H",IF(E9<F9,"A","D")),"") -> H | J9: 3
A10: 2 | B10: 2026-06-11 | C10: A | D10: South Korea | E10: 2 | F10: 1 | G10: Tsjechië | H10: =IF(AND(E10<>"",F10<>""),IF(E10>F10,"H",IF(E10<F10,"A","D")),"") -> H | J10: 3
A11: 3 | B11: 2026-06-18 | C11: A | D11: Tsjechië | E11: 2 | F11: 1 | G11: South Africa | H11: =IF(AND(E11<>"",F11<>""),IF(E11>F11,"H",IF(E11<F11,"A","D")),"") -> H
A12: 4 | B12: 2026-06-18 | C12: A | D12: Mexico | E12: 2 | F12: 1 | G12: South Korea | H12: =IF(AND(E12<>"",F12<>""),IF(E12>F12,"H",IF(E12<F12,"A","D")),"") -> H
A13: 5 | B13: 2026-06-24 | C13: A | D13: Tsjechië | E13: 1 | F13: 2 | G13: Mexico | H13: =IF(AND(E13<>"",F13<>""),IF(E13>F13,"H",IF(E13<F13,"A","D")),"") -> A
A14: 6 | B14: 2026-06-24 | C14: A | D14: South Africa | E14: 1 | F14: 2 | G14: South Korea | H14: =IF(AND(E14<>"",F14<>""),IF(E14>F14,"H",IF(E14<F14,"A","D")),"") -> A
A15: 7 | B15: 2026-06-12 | C15: B | D15: Canada | E15: 2 | F15: 1 | G15: Bosnië-Herzegovina | H15: =IF(AND(E15<>"",F15<>""),IF(E15>F15,"H",IF(E15<F15,"A","D")),"") -> H | J15: 0
A16: 8 | B16: 2026-06-13 | C16: B | D16: Qatar | E16: 0 | F16: 2 | G16: Switzerland | H16: =IF(AND(E16<>"",F16<>""),IF(E16>F16,"H",IF(E16<F16,"A","D")),"") -> A | J16: 0
A17: 9 | B17: 2026-06-18 | C17: B | D17: Switzerland | E17: 2 | F17: 1 | G17: Bosnië-Herzegovina | H17: =IF(AND(E17<>"",F17<>""),IF(E17>F17,"H",IF(E17<F17,"A","D")),"") -> H
A18: 10 | B18: 2026-06-18 | C18: B | D18: Canada | E18: 3 | F18: 0 | G18: Qatar | H18: =IF(AND(E18<>"",F18<>""),IF(E18>F18,"H",IF(E18<F18,"A","D")),"") -> H
A19: 11 | B19: 2026-06-24 | C19: B | D19: Switzerland | E19: 1 | F19: 1 | G19: Canada | H19: =IF(AND(E19<>"",F19<>""),IF(E19>F19,"H",IF(E19<F19,"A","D")),"") -> D
A20: 12 | B20: 2026-06-24 | C20: B | D20: Bosnië-Herzegovina | E20: 2 | F20: 1 | G20: Qatar | H20: =IF(AND(E20<>"",F20<>""),IF(E20>F20,"H",IF(E20<F20,"A","D")),"") -> H
A21: 13 | B21: 2026-06-13 | C21: C | D21: Brazil | E21: 2 | F21: 0 | G21: Morocco | H21: =IF(AND(E21<>"",F21<>""),IF(E21>F21,"H",IF(E21<F21,"A","D")),"") -> H | J21: 0
A22: 14 | B22: 2026-06-13 | C22: C | D22: Haiti | E22: 1 | F22: 2 | G22: Scotland | H22: =IF(AND(E22<>"",F22<>""),IF(E22>F22,"H",IF(E22<F22,"A","D")),"") -> A | J22: 1
A23: 15 | B23: 2026-06-19 | C23: C | D23: Scotland | E23: 1 | F23: 2 | G23: Morocco | H23: =IF(AND(E23<>"",F23<>""),IF(E23>F23,"H",IF(E23<F23,"A","D")),"") -> A
A24: 16 | B24: 2026-06-19 | C24: C | D24: Brazil | E24: 4 | F24: 0 | G24: Haiti | H24: =IF(AND(E24<>"",F24<>""),IF(E24>F24,"H",IF(E24<F24,"A","D")),"") -> H
A25: 17 | B25: 2026-06-24 | C25: C | D25: Scotland | E25: 0 | F25: 4 | G25: Brazil | H25: =IF(AND(E25<>"",F25<>""),IF(E25>F25,"H",IF(E25<F25,"A","D")),"") -> A
A26: 18 | B26: 2026-06-24 | C26: C | D26: Morocco | E26: 2 | F26: 0 | G26: Haiti | H26: =IF(AND(E26<>"",F26<>""),IF(E26>F26,"H",IF(E26<F26,"A","D")),"") -> H
A27: 19 | B27: 2026-06-12 | C27: D | D27: USA | E27: 2 | F27: 0 | G27: Paraguay | H27: =IF(AND(E27<>"",F27<>""),IF(E27>F27,"H",IF(E27<F27,"A","D")),"") -> H | J27: 1
A28: 20 | B28: 2026-06-13 | C28: D | D28: Australia | E28: 1 | F28: 2 | G28: Turkije | H28: =IF(AND(E28<>"",F28<>""),IF(E28>F28,"H",IF(E28<F28,"A","D")),"") -> A | J28: 0
A29: 21 | B29: 2026-06-19 | C29: D | D29: USA | E29: 2 | F29: 0 | G29: Australia | H29: =IF(AND(E29<>"",F29<>""),IF(E29>F29,"H",IF(E29<F29,"A","D")),"") -> H
A30: 22 | B30: 2026-06-19 | C30: D | D30: Turkije | E30: 2 | F30: 1 | G30: Paraguay | H30: =IF(AND(E30<>"",F30<>""),IF(E30>F30,"H",IF(E30<F30,"A","D")),"") -> H
A31: 23 | B31: 2026-06-25 | C31: D | D31: Turkije | E31: 1 | F31: 2 | G31: USA | H31: =IF(AND(E31<>"",F31<>""),IF(E31>F31,"H",IF(E31<F31,"A","D")),"") -> A
A32: 24 | B32: 2026-06-25 | C32: D | D32: Paraguay | E32: 1 | F32: 1 | G32: Australia | H32: =IF(AND(E32<>"",F32<>""),IF(E32>F32,"H",IF(E32<F32,"A","D")),"") -> D
A33: 25 | B33: 2026-06-14 | C33: E | D33: Germany | E33: 4 | F33: 0 | G33: Curaçao | H33: =IF(AND(E33<>"",F33<>""),IF(E33>F33,"H",IF(E33<F33,"A","D")),"") -> H | J33: 1
A34: 26 | B34: 2026-06-14 | C34: E | D34: Ivory Coast | E34: 1 | F34: 1 | G34: Ecuador | H34: =IF(AND(E34<>"",F34<>""),IF(E34>F34,"H",IF(E34<F34,"A","D")),"") -> D | J34: 0
A35: 27 | B35: 2026-06-20 | C35: E | D35: Germany | E35: 4 | F35: 0 | G35: Ivory Coast | H35: =IF(AND(E35<>"",F35<>""),IF(E35>F35,"H",IF(E35<F35,"A","D")),"") -> H
A36: 28 | B36: 2026-06-20 | C36: E | D36: Ecuador | E36: 2 | F36: 1 | G36: Curaçao | H36: =IF(AND(E36<>"",F36<>""),IF(E36>F36,"H",IF(E36<F36,"A","D")),"") -> H
A37: 29 | B37: 2026-06-25 | C37: E | D37: Ecuador | E37: 0 | F37: 4 | G37: Germany | H37: =IF(AND(E37<>"",F37<>""),IF(E37>F37,"H",IF(E37<F37,"A","D")),"") -> A
A38: 30 | B38: 2026-06-25 | C38: E | D38: Curaçao | E38: 1 | F38: 2 | G38: Ivory Coast | H38: =IF(AND(E38<>"",F38<>""),IF(E38>F38,"H",IF(E38<F38,"A","D")),"") -> A
A39: 31 | B39: 2026-06-14 | C39: F | D39: Netherlands | E39: 2 | F39: 1 | G39: Japan | H39: =IF(AND(E39<>"",F39<>""),IF(E39>F39,"H",IF(E39<F39,"A","D")),"") -> H | J39: 0
A40: 32 | B40: 2026-06-14 | C40: F | D40: Zweden | E40: 1 | F40: 1 | G40: Tunisia | H40: =IF(AND(E40<>"",F40<>""),IF(E40>F40,"H",IF(E40<F40,"A","D")),"") -> D | J40: 0
A41: 33 | B41: 2026-06-20 | C41: F | D41: Netherlands | E41: 2 | F41: 0 | G41: Zweden | H41: =IF(AND(E41<>"",F41<>""),IF(E41>F41,"H",IF(E41<F41,"A","D")),"") -> H
A42: 34 | B42: 2026-06-20 | C42: F | D42: Tunisia | E42: 1 | F42: 2 | G42: Japan | H42: =IF(AND(E42<>"",F42<>""),IF(E42>F42,"H",IF(E42<F42,"A","D")),"") -> A
A43: 35 | B43: 2026-06-25 | C43: F | D43: Japan | E43: 2 | F43: 1 | G43: Zweden | H43: =IF(AND(E43<>"",F43<>""),IF(E43>F43,"H",IF(E43<F43,"A","D")),"") -> H
A44: 36 | B44: 2026-06-25 | C44: F | D44: Tunisia | E44: 0 | F44: 2 | G44: Netherlands | H44: =IF(AND(E44<>"",F44<>""),IF(E44>F44,"H",IF(E44<F44,"A","D")),"") -> A
A45: 37 | B45: 2026-06-15 | C45: G | D45: Belgium | E45: 2 | F45: 0 | G45: Egypt | H45: =IF(AND(E45<>"",F45<>""),IF(E45>F45,"H",IF(E45<F45,"A","D")),"") -> H | J45: 0
A46: 38 | B46: 2026-06-15 | C46: G | D46: Iran | E46: 2 | F46: 1 | G46: New Zealand | H46: =IF(AND(E46<>"",F46<>""),IF(E46>F46,"H",IF(E46<F46,"A","D")),"") -> H | J46: 0
A47: 39 | B47: 2026-06-21 | C47: G | D47: Belgium | E47: 2 | F47: 0 | G47: Iran | H47: =IF(AND(E47<>"",F47<>""),IF(E47>F47,"H",IF(E47<F47,"A","D")),"") -> H
A48: 40 | B48: 2026-06-21 | C48: G | D48: New Zealand | E48: 1 | F48: 2 | G48: Egypt | H48: =IF(AND(E48<>"",F48<>""),IF(E48>F48,"H",IF(E48<F48,"A","D")),"") -> A
A49: 41 | B49: 2026-06-26 | C49: G | D49: Egypt | E49: 2 | F49: 1 | G49: Iran | H49: =IF(AND(E49<>"",F49<>""),IF(E49>F49,"H",IF(E49<F49,"A","D")),"") -> H
A50: 42 | B50: 2026-06-26 | C50: G | D50: New Zealand | E50: 0 | F50: 3 | G50: Belgium | H50: =IF(AND(E50<>"",F50<>""),IF(E50>F50,"H",IF(E50<F50,"A","D")),"") -> A
A51: 43 | B51: 2026-06-15 | C51: H | D51: Spain | E51: 4 | F51: 0 | G51: Cape Verde | H51: =IF(AND(E51<>"",F51<>""),IF(E51>F51,"H",IF(E51<F51,"A","D")),"") -> H | J51: 0
A52: 44 | B52: 2026-06-15 | C52: H | D52: Saudi Arabia | E52: 0 | F52: 2 | G52: Uruguay | H52: =IF(AND(E52<>"",F52<>""),IF(E52>F52,"H",IF(E52<F52,"A","D")),"") -> A | J52: 0
A53: 45 | B53: 2026-06-21 | C53: H | D53: Spain | E53: 2 | F53: 0 | G53: Saudi Arabia | H53: =IF(AND(E53<>"",F53<>""),IF(E53>F53,"H",IF(E53<F53,"A","D")),"") -> H
A54: 46 | B54: 2026-06-21 | C54: H | D54: Uruguay | E54: 3 | F54: 0 | G54: Cape Verde | H54: =IF(AND(E54<>"",F54<>""),IF(E54>F54,"H",IF(E54<F54,"A","D")),"") -> H
A55: 47 | B55: 2026-06-26 | C55: H | D55: Cape Verde | E55: 0 | F55: 1 | G55: Saudi Arabia | H55: =IF(AND(E55<>"",F55<>""),IF(E55>F55,"H",IF(E55<F55,"A","D")),"") -> A
A56: 48 | B56: 2026-06-26 | C56: H | D56: Uruguay | E56: 1 | F56: 2 | G56: Spain | H56: =IF(AND(E56<>"",F56<>""),IF(E56>F56,"H",IF(E56<F56,"A","D")),"") -> A
A57: 49 | B57: 2026-06-16 | C57: I | D57: France | E57: 2 | F57: 0 | G57: Senegal | H57: =IF(AND(E57<>"",F57<>""),IF(E57>F57,"H",IF(E57<F57,"A","D")),"") -> H | J57: 1
A58: 50 | B58: 2026-06-16 | C58: I | D58: Irak | E58: 0 | F58: 2 | G58: Norway | H58: =IF(AND(E58<>"",F58<>""),IF(E58>F58,"H",IF(E58<F58,"A","D")),"") -> A | J58: 1
A59: 51 | B59: 2026-06-22 | C59: I | D59: France | E59: 4 | F59: 0 | G59: Irak | H59: =IF(AND(E59<>"",F59<>""),IF(E59>F59,"H",IF(E59<F59,"A","D")),"") -> H
A60: 52 | B60: 2026-06-22 | C60: I | D60: Norway | E60: 2 | F60: 1 | G60: Senegal | H60: =IF(AND(E60<>"",F60<>""),IF(E60>F60,"H",IF(E60<F60,"A","D")),"") -> H
A61: 53 | B61: 2026-06-26 | C61: I | D61: Norway | E61: 0 | F61: 2 | G61: France | H61: =IF(AND(E61<>"",F61<>""),IF(E61>F61,"H",IF(E61<F61,"A","D")),"") -> A
A62: 54 | B62: 2026-06-26 | C62: I | D62: Senegal | E62: 2 | F62: 0 | G62: Irak | H62: =IF(AND(E62<>"",F62<>""),IF(E62>F62,"H",IF(E62<F62,"A","D")),"") -> H
A63: 55 | B63: 2026-06-16 | C63: J | D63: Argentina | E63: 4 | F63: 0 | G63: Algeria | H63: =IF(AND(E63<>"",F63<>""),IF(E63>F63,"H",IF(E63<F63,"A","D")),"") -> H | J63: 1
A64: 56 | B64: 2026-06-16 | C64: J | D64: Austria | E64: 2 | F64: 0 | G64: Jordan | H64: =IF(AND(E64<>"",F64<>""),IF(E64>F64,"H",IF(E64<F64,"A","D")),"") -> H | J64: 1
A65: 57 | B65: 2026-06-22 | C65: J | D65: Argentina | E65: 2 | F65: 0 | G65: Austria | H65: =IF(AND(E65<>"",F65<>""),IF(E65>F65,"H",IF(E65<F65,"A","D")),"") -> H
A66: 58 | B66: 2026-06-22 | C66: J | D66: Jordan | E66: 1 | F66: 2 | G66: Algeria | H66: =IF(AND(E66<>"",F66<>""),IF(E66>F66,"H",IF(E66<F66,"A","D")),"") -> A
A67: 59 | B67: 2026-06-27 | C67: J | D67: Algeria | E67: 1 | F67: 2 | G67: Austria | H67: =IF(AND(E67<>"",F67<>""),IF(E67>F67,"H",IF(E67<F67,"A","D")),"") -> A
A68: 60 | B68: 2026-06-27 | C68: J | D68: Jordan | E68: 0 | F68: 4 | G68: Argentina | H68: =IF(AND(E68<>"",F68<>""),IF(E68>F68,"H",IF(E68<F68,"A","D")),"") -> A
A69: 61 | B69: 2026-06-17 | C69: K | D69: Portugal | E69: 2 | F69: 0 | G69: DR Congo | H69: =IF(AND(E69<>"",F69<>""),IF(E69>F69,"H",IF(E69<F69,"A","D")),"") -> H | J69: 0
A70: 62 | B70: 2026-06-17 | C70: K | D70: Uzbekistan | E70: 1 | F70: 2 | G70: Colombia | H70: =IF(AND(E70<>"",F70<>""),IF(E70>F70,"H",IF(E70<F70,"A","D")),"") -> A | J70: 1
A71: 63 | B71: 2026-06-23 | C71: K | D71: Portugal | E71: 2 | F71: 0 | G71: Uzbekistan | H71: =IF(AND(E71<>"",F71<>""),IF(E71>F71,"H",IF(E71<F71,"A","D")),"") -> H
A72: 64 | B72: 2026-06-23 | C72: K | D72: Colombia | E72: 2 | F72: 1 | G72: DR Congo | H72: =IF(AND(E72<>"",F72<>""),IF(E72>F72,"H",IF(E72<F72,"A","D")),"") -> H
A73: 65 | B73: 2026-06-27 | C73: K | D73: Colombia | E73: 1 | F73: 2 | G73: Portugal | H73: =IF(AND(E73<>"",F73<>""),IF(E73>F73,"H",IF(E73<F73,"A","D")),"") -> A
A74: 66 | B74: 2026-06-27 | C74: K | D74: DR Congo | E74: 2 | F74: 1 | G74: Uzbekistan | H74: =IF(AND(E74<>"",F74<>""),IF(E74>F74,"H",IF(E74<F74,"A","D")),"") -> H
A75: 67 | B75: 2026-06-17 | C75: L | D75: England | E75: 2 | F75: 1 | G75: Croatia | H75: =IF(AND(E75<>"",F75<>""),IF(E75>F75,"H",IF(E75<F75,"A","D")),"") -> H | J75: 1
A76: 68 | B76: 2026-06-17 | C76: L | D76: Ghana | E76: 2 | F76: 1 | G76: Panama | H76: =IF(AND(E76<>"",F76<>""),IF(E76>F76,"H",IF(E76<F76,"A","D")),"") -> H | J76: 1
A77: 69 | B77: 2026-06-23 | C77: L | D77: England | E77: 2 | F77: 0 | G77: Ghana | H77: =IF(AND(E77<>"",F77<>""),IF(E77>F77,"H",IF(E77<F77,"A","D")),"") -> H
A78: 70 | B78: 2026-06-23 | C78: L | D78: Panama | E78: 1 | F78: 2 | G78: Croatia | H78: =IF(AND(E78<>"",F78<>""),IF(E78>F78,"H",IF(E78<F78,"A","D")),"") -> A
A79: 71 | B79: 2026-06-27 | C79: L | D79: Panama | E79: 0 | F79: 2 | G79: England | H79: =IF(AND(E79<>"",F79<>""),IF(E79>F79,"H",IF(E79<F79,"A","D")),"") -> A
A80: 72 | B80: 2026-06-27 | C80: L | D80: Croatia | E80: 2 | F80: 1 | G80: Ghana | H80: =IF(AND(E80<>"",F80<>""),IF(E80>F80,"H",IF(E80<F80,"A","D")),"") -> H
J82: =SUM(J8:J80) -> 16

Sheet Knock-out Tom 
A8: Teams laatste 32 | D8: Teams laatste 16 | G8: Teams laatste 8 | J8: Teams laatste 4 | M8: Teams Finale | P8: Winnaar
A10: 1 | B10: Mexico | D10: 1 | E10: Germany | G10: 1 | H10: Germany | J10: 1 | K10: Germany | M10: 1 | N10: Germany | P10: 1 | Q10: Germany
A11: =A10+1 -> 2 | B11: South Korea | D11: =D10+1 -> 2 | E11: France | G11: =G10+1 -> 2 | H11: France | J11: =J10+1 -> 2 | K11: France | M11: =M10+1 -> 2 | N11: France
A12: =A11+1 -> 3 | B12: Canada | D12: =D11+1 -> 3 | E12: Argentina | G12: =G11+1 -> 3 | H12: Argentina | J12: =J11+1 -> 3 | K12: England
A13: =A12+1 -> 4 | B13: Switzerland | D13: =D12+1 -> 4 | E13: England | G13: =G12+1 -> 4 | H13: England | J13: =J12+1 -> 4 | K13: Spain
A14: =A13+1 -> 5 | B14: Brazil | D14: =D13+1 -> 5 | E14: Netherlands | G14: =G13+1 -> 5 | H14: Brazil
A15: =A14+1 -> 6 | B15: Morocco | D15: =D14+1 -> 6 | E15: Brazil | G15: =G14+1 -> 6 | H15: Spain
A16: =A15+1 -> 7 | B16: USA | D16: =D15+1 -> 7 | E16: Spain | G16: =G15+1 -> 7 | H16: Portugal
A17: =A16+1 -> 8 | B17: Turkey | D17: =D16+1 -> 8 | E17: Portugal | G17: =G16+1 -> 8 | H17: Uruguay
A18: =A17+1 -> 9 | B18: Germany | D18: =D17+1 -> 9 | E18: USA
A19: =A18+1 -> 10 | B19: Ecuador | D19: =D18+1 -> 10 | E19: Belgium
A20: =A19+1 -> 11 | B20: Netherlands | D20: =D19+1 -> 11 | E20: Mexico | H20: Bonus Vragen:
A21: =A20+1 -> 12 | B21: Japan | D21: =D20+1 -> 12 | E21: Morocco
A22: =A21+1 -> 13 | B22: Belgium | D22: =D21+1 -> 13 | E22: Uruguay | H22: 1. Topscoorder toernooi | I22: Harry Kane (England)
A23: =A22+1 -> 14 | B23: Egypt | D23: =D22+1 -> 14 | E23: Japan | H23: 2. Land met 1e rode kaart | I23: Saudi Arabia
A24: =A23+1 -> 15 | B24: Spain | D24: =D23+1 -> 15 | E24: Croatia | H24: 3. Beste speler toernooi | I24: Lamine Yamal (Spain)
A25: =A24+1 -> 16 | B25: Uruguay | D25: =D24+1 -> 16 | E25: Colombia
A26: =A25+1 -> 17 | B26: France | H26: Totaal aantal doelpunten | I26: 274
A27: =A26+1 -> 18 | B27: Norway | H27: (bij gelijke stand)
A28: =A27+1 -> 19 | B28: Argentina
A29: =A28+1 -> 20 | B29: Austria
A30: =A29+1 -> 21 | B30: Portugal
A31: =A30+1 -> 22 | B31: Colombia
A32: =A31+1 -> 23 | B32: England
A33: =A32+1 -> 24 | B33: Croatia
A34: =A33+1 -> 25 | B34: Tsjechië
A35: =A34+1 -> 26 | B35: Bosnië-Herzegovina
A36: =A35+1 -> 27 | B36: Scotland
A37: =A36+1 -> 28 | B37: Paraguay
A38: =A37+1 -> 29 | B38: Ivory Coast
A39: =A38+1 -> 30 | B39: Sweden
... A41: =A40+1 -> 32 | B41: Senegal

Sheet Groepsfase Nova
J6: Punten
A8: Nr | B8: Datum | C8: Groep | D8: Thuis | E8: T | F8: U | G8: Uit | H8: Res
A9: 1 | B9: 2026-06-11 | C9: A | D9: Mexico | E9: 2 | F9: 0 | G9: South Africa | H9: =IF(AND(E9<>"",F9<>""),IF(E9>F9,"H",IF(E9<F9,"A","D")),"") -> H | J9: 3
A10: 2 | B10: 2026-06-11 | C10: A | D10: South Korea | E10: 1 | F10: 2 | G10: Tsjechië | H10: =IF(AND(E10<>"",F10<>""),IF(E10>F10,"H",IF(E10<F10,"A","D")),"") -> A | J10: 0
A11: 3 | B11: 2026-06-18 | C11: A | D11: Tsjechië | E11: 2 | F11: 0 | G11: South Africa | H11: =IF(AND(E11<>"",F11<>""),IF(E11>F11,"H",IF(E11<F11,"A","D")),"") -> H
A12: 4 | B12: 2026-06-18 | C12: A | D12: Mexico | E12: 2 | F12: 0 | G12: South Korea | H12: =IF(AND(E12<>"",F12<>""),IF(E12>F12,"H",IF(E12<F12,"A","D")),"") -> H
A13: 5 | B13: 2026-06-24 | C13: A | D13: Tsjechië | E13: 1 | F13: 2 | G13: Mexico | H13: =IF(AND(E13<>"",F13<>""),IF(E13>F13,"H",IF(E13<F13,"A","D")),"") -> A
A14: 6 | B14: 2026-06-24 | C14: A | D14: South Africa | E14: 2 | F14: 1 | G14: South Korea | H14: =IF(AND(E14<>"",F14<>""),IF(E14>F14,"H",IF(E14<F14,"A","D")),"") -> H
A15: 7 | B15: 2026-06-12 | C15: B | D15: Canada | E15: 1 | F15: 1 | G15: Bosnië-Herzegovina | H15: =IF(AND(E15<>"",F15<>""),IF(E15>F15,"H",IF(E15<F15,"A","D")),"") -> D | J15: 3
A16: 8 | B16: 2026-06-13 | C16: B | D16: Qatar | E16: 0 | F16: 2 | G16: Switzerland | H16: =IF(AND(E16<>"",F16<>""),IF(E16>F16,"H",IF(E16<F16,"A","D")),"") -> A | J16: 0
A17: 9 | B17: 2026-06-18 | C17: B | D17: Switzerland | E17: 1 | F17: 0 | G17: Bosnië-Herzegovina | H17: =IF(AND(E17<>"",F17<>""),IF(E17>F17,"H",IF(E17<F17,"A","D")),"") -> H
A18: 10 | B18: 2026-06-18 | C18: B | D18: Canada | E18: 2 | F18: 0 | G18: Qatar | H18: =IF(AND(E18<>"",F18<>""),IF(E18>F18,"H",IF(E18<F18,"A","D")),"") -> H
A19: 11 | B19: 2026-06-24 | C19: B | D19: Switzerland | E19: 2 | F19: 1 | G19: Canada | H19: =IF(AND(E19<>"",F19<>""),IF(E19>F19,"H",IF(E19<F19,"A","D")),"") -> H
A20: 12 | B20: 2026-06-24 | C20: B | D20: Bosnië-Herzegovina | E20: 2 | F20: 0 | G20: Qatar | H20: =IF(AND(E20<>"",F20<>""),IF(E20>F20,"H",IF(E20<F20,"A","D")),"") -> H
A21: 13 | B21: 2026-06-13 | C21: C | D21: Brazil | E21: 1 | F21: 1 | G21: Morocco | H21: =IF(AND(E21<>"",F21<>""),IF(E21>F21,"H",IF(E21<F21,"A","D")),"") -> D | J21: 3
A22: 14 | B22: 2026-06-13 | C22: C | D22: Haiti | E22: 0 | F22: 2 | G22: Scotland | H22: =IF(AND(E22<>"",F22<>""),IF(E22>F22,"H",IF(E22<F22,"A","D")),"") -> A | J22: 1
A23: 15 | B23: 2026-06-19 | C23: C | D23: Scotland | E23: 0 | F23: 1 | G23: Morocco | H23: =IF(AND(E23<>"",F23<>""),IF(E23>F23,"H",IF(E23<F23,"A","D")),"") -> A
A24: 16 | B24: 2026-06-19 | C24: C | D24: Brazil | E24: 4 | F24: 1 | G24: Haiti | H24: =IF(AND(E24<>"",F24<>""),IF(E24>F24,"H",IF(E24<F24,"A","D")),"") -> H
A25: 17 | B25: 2026-06-24 | C25: C | D25: Scotland | E25: 1 | F25: 2 | G25: Brazil | H25: =IF(AND(E25<>"",F25<>""),IF(E25>F25,"H",IF(E25<F25,"A","D")),"") -> A
A26: 18 | B26: 2026-06-24 | C26: C | D26: Morocco | E26: 3 | F26: 1 | G26: Haiti | H26: =IF(AND(E26<>"",F26<>""),IF(E26>F26,"H",IF(E26<F26,"A","D")),"") -> H
A27: 19 | B27: 2026-06-12 | C27: D | D27: USA | E27: 2 | F27: 0 | G27: Paraguay | H27: =IF(AND(E27<>"",F27<>""),IF(E27>F27,"H",IF(E27<F27,"A","D")),"") -> H | J27: 1
A28: 20 | B28: 2026-06-13 | C28: D | D28: Australia | E28: 1 | F28: 2 | G28: Turkije | H28: =IF(AND(E28<>"",F28<>""),IF(E28>F28,"H",IF(E28<F28,"A","D")),"") -> A | J28: 0
A29: 21 | B29: 2026-06-19 | C29: D | D29: USA | E29: 2 | F29: 1 | G29: Australia | H29: =IF(AND(E29<>"",F29<>""),IF(E29>F29,"H",IF(E29<F29,"A","D")),"") -> H
A30: 22 | B30: 2026-06-19 | C30: D | D30: Turkije | E30: 2 | F30: 0 | G30: Paraguay | H30: =IF(AND(E30<>"",F30<>""),IF(E30>F30,"H",IF(E30<F30,"A","D")),"") -> H
A31: 23 | B31: 2026-06-25 | C31: D | D31: Turkije | E31: 2 | F31: 2 | G31: USA | H31: =IF(AND(E31<>"",F31<>""),IF(E31>F31,"H",IF(E31<F31,"A","D")),"") -> D
A32: 24 | B32: 2026-06-25 | C32: D | D32: Paraguay | E32: 1 | F32: 1 | G32: Australia | H32: =IF(AND(E32<>"",F32<>""),IF(E32>F32,"H",IF(E32<F32,"A","D")),"") -> D
A33: 25 | B33: 2026-06-14 | C33: E | D33: Germany | E33: 3 | F33: 0 | G33: Curaçao | H33: =IF(AND(E33<>"",F33<>""),IF(E33>F33,"H",IF(E33<F33,"A","D")),"") -> H | J33: 1
A34: 26 | B34: 2026-06-14 | C34: E | D34: Ivory Coast | E34: 1 | F34: 2 | G34: Ecuador | H34: =IF(AND(E34<>"",F34<>""),IF(E34>F34,"H",IF(E34<F34,"A","D")),"") -> A | J34: 0
A35: 27 | B35: 2026-06-20 | C35: E | D35: Germany | E35: 2 | F35: 2 | G35: Ivory Coast | H35: =IF(AND(E35<>"",F35<>""),IF(E35>F35,"H",IF(E35<F35,"A","D")),"") -> D
A36: 28 | B36: 2026-06-20 | C36: E | D36: Ecuador | E36: 2 | F36: 0 | G36: Curaçao | H36: =IF(AND(E36<>"",F36<>""),IF(E36>F36,"H",IF(E36<F36,"A","D")),"") -> H
A37: 29 | B37: 2026-06-25 | C37: E | D37: Ecuador | E37: 1 | F37: 1 | G37: Germany | H37: =IF(AND(E37<>"",F37<>""),IF(E37>F37,"H",IF(E37<F37,"A","D")),"") -> D
A38: 30 | B38: 2026-06-25 | C38: E | D38: Curaçao | E38: 1 | F38: 3 | G38: Ivory Coast | H38: =IF(AND(E38<>"",F38<>""),IF(E38>F38,"H",IF(E38<F38,"A","D")),"") -> A
A39: 31 | B39: 2026-06-14 | C39: F | D39: Netherlands | E39: 2 | F39: 1 | G39: Japan | H39: =IF(AND(E39<>"",F39<>""),IF(E39>F39,"H",IF(E39<F39,"A","D")),"") -> H | J39: 0
A40: 32 | B40: 2026-06-14 | C40: F | D40: Zweden | E40: 2 | F40: 0 | G40: Tunisia | H40: =IF(AND(E40<>"",F40<>""),IF(E40>F40,"H",IF(E40<F40,"A","D")),"") -> H | J40: 1
A41: 33 | B41: 2026-06-20 | C41: F | D41: Netherlands | E41: 2 | F41: 1 | G41: Zweden | H41: =IF(AND(E41<>"",F41<>""),IF(E41>F41,"H",IF(E41<F41,"A","D")),"") -> H
A42: 34 | B42: 2026-06-20 | C42: F | D42: Tunisia | E42: 0 | F42: 2 | G42: Japan | H42: =IF(AND(E42<>"",F42<>""),IF(E42>F42,"H",IF(E42<F42,"A","D")),"") -> A
A43: 35 | B43: 2026-06-25 | C43: F | D43: Japan | E43: 2 | F43: 1 | G43: Zweden | H43: =IF(AND(E43<>"",F43<>""),IF(E43>F43,"H",IF(E43<F43,"A","D")),"") -> H
A44: 36 | B44: 2026-06-25 | C44: F | D44: Tunisia | E44: 0 | F44: 3 | G44: Netherlands | H44: =IF(AND(E44<>"",F44<>""),IF(E44>F44,"H",IF(E44<F44,"A","D")),"") -> A
A45: 37 | B45: 2026-06-15 | C45: G | D45: Belgium | E45: 2 | F45: 0 | G45: Egypt | H45: =IF(AND(E45<>"",F45<>""),IF(E45>F45,"H",IF(E45<F45,"A","D")),"") -> H | J45: 0
A46: 38 | B46: 2026-06-15 | C46: G | D46: Iran | E46: 1 | F46: 0 | G46: New Zealand | H46: =IF(AND(E46<>"",F46<>""),IF(E46>F46,"H",IF(E46<F46,"A","D")),"") -> H | J46: 0
A47: 39 | B47: 2026-06-21 | C47: G | D47: Belgium | E47: 2 | F47: 0 | G47: Iran | H47: =IF(AND(E47<>"",F47<>""),IF(E47>F47,"H",IF(E47<F47,"A","D")),"") -> H
A48: 40 | B48: 2026-06-21 | C48: G | D48: New Zealand | E48: 0 | F48: 2 | G48: Egypt | H48: =IF(AND(E48<>"",F48<>""),IF(E48>F48,"H",IF(E48<F48,"A","D")),"") -> A
A49: 41 | B49: 2026-06-26 | C49: G | D49: Egypt | E49: 1 | F49: 1 | G49: Iran | H49: =IF(AND(E49<>"",F49<>""),IF(E49>F49,"H",IF(E49<F49,"A","D")),"") -> D
A50: 42 | B50: 2026-06-26 | C50: G | D50: New Zealand | E50: 0 | F50: 3 | G50: Belgium | H50: =IF(AND(E50<>"",F50<>""),IF(E50>F50,"H",IF(E50<F50,"A","D")),"") -> A
A51: 43 | B51: 2026-06-15 | C51: H | D51: Spain | E51: 3 | F51: 1 | G51: Cape Verde | H51: =IF(AND(E51<>"",F51<>""),IF(E51>F51,"H",IF(E51<F51,"A","D")),"") -> H | J51: 0
A52: 44 | B52: 2026-06-15 | C52: H | D52: Saudi Arabia | E52: 0 | F52: 1 | G52: Uruguay | H52: =IF(AND(E52<>"",F52<>""),IF(E52>F52,"H",IF(E52<F52,"A","D")),"") -> A | J52: 0
A53: 45 | B53: 2026-06-21 | C53: H | D53: Spain | E53: 2 | F53: 0 | G53: Saudi Arabia | H53: =IF(AND(E53<>"",F53<>""),IF(E53>F53,"H",IF(E53<F53,"A","D")),"") -> H
A54: 46 | B54: 2026-06-21 | C54: H | D54: Uruguay | E54: 1 | F54: 1 | G54: Cape Verde | H54: =IF(AND(E54<>"",F54<>""),IF(E54>F54,"H",IF(E54<F54,"A","D")),"") -> D
A55: 47 | B55: 2026-06-26 | C55: H | D55: Cape Verde | E55: 1 | F55: 1 | G55: Saudi Arabia | H55: =IF(AND(E55<>"",F55<>""),IF(E55>F55,"H",IF(E55<F55,"A","D")),"") -> D
A56: 48 | B56: 2026-06-26 | C56: H | D56: Uruguay | E56: 1 | F56: 2 | G56: Spain | H56: =IF(AND(E56<>"",F56<>""),IF(E56>F56,"H",IF(E56<F56,"A","D")),"") -> A
A57: 49 | B57: 2026-06-16 | C57: I | D57: France | E57: 2 | F57: 2 | G57: Senegal | H57: =IF(AND(E57<>"",F57<>""),IF(E57>F57,"H",IF(E57<F57,"A","D")),"") -> D | J57: 0
A58: 50 | B58: 2026-06-16 | C58: I | D58: Irak | E58: 0 | F58: 2 | G58: Norway | H58: =IF(AND(E58<>"",F58<>""),IF(E58>F58,"H",IF(E58<F58,"A","D")),"") -> A | J58: 1
A59: 51 | B59: 2026-06-22 | C59: I | D59: France | E59: 4 | F59: 0 | G59: Irak | H59: =IF(AND(E59<>"",F59<>""),IF(E59>F59,"H",IF(E59<F59,"A","D")),"") -> H
A60: 52 | B60: 2026-06-22 | C60: I | D60: Norway | E60: 0 | F60: 1 | G60: Senegal | H60: =IF(AND(E60<>"",F60<>""),IF(E60>F60,"H",IF(E60<F60,"A","D")),"") -> A
A61: 53 | B61: 2026-06-26 | C61: I | D61: Norway | E61: 1 | F61: 1 | G61: France | H61: =IF(AND(E61<>"",F61<>""),IF(E61>F61,"H",IF(E61<F61,"A","D")),"") -> D
A62: 54 | B62: 2026-06-26 | C62: I | D62: Senegal | E62: 2 | F62: 0 | G62: Irak | H62: =IF(AND(E62<>"",F62<>""),IF(E62>F62,"H",IF(E62<F62,"A","D")),"") -> H
A63: 55 | B63: 2026-06-16 | C63: J | D63: Argentina | E63: 2 | F63: 0 | G63: Algeria | H63: =IF(AND(E63<>"",F63<>""),IF(E63>F63,"H",IF(E63<F63,"A","D")),"") -> H | J63: 1
A64: 56 | B64: 2026-06-16 | C64: J | D64: Austria | E64: 2 | F64: 0 | G64: Jordan | H64: =IF(AND(E64<>"",F64<>""),IF(E64>F64,"H",IF(E64<F64,"A","D")),"") -> H | J64: 1
A65: 57 | B65: 2026-06-22 | C65: J | D65: Argentina | E65: 1 | F65: 1 | G65: Austria | H65: =IF(AND(E65<>"",F65<>""),IF(E65>F65,"H",IF(E65<F65,"A","D")),"") -> D
A66: 58 | B66: 2026-06-22 | C66: J | D66: Jordan | E66: 1 | F66: 2 | G66: Algeria | H66: =IF(AND(E66<>"",F66<>""),IF(E66>F66,"H",IF(E66<F66,"A","D")),"") -> A
A67: 59 | B67: 2026-06-27 | C67: J | D67: Algeria | E67: 1 | F67: 1 | G67: Austria | H67: =IF(AND(E67<>"",F67<>""),IF(E67>F67,"H",IF(E67<F67,"A","D")),"") -> D
A68: 60 | B68: 2026-06-27 | C68: J | D68: Jordan | E68: 0 | F68: 3 | G68: Argentina | H68: =IF(AND(E68<>"",F68<>""),IF(E68>F68,"H",IF(E68<F68,"A","D")),"") -> A
A69: 61 | B69: 2026-06-17 | C69: K | D69: Portugal | E69: 2 | F69: 0 | G69: DR Congo | H69: =IF(AND(E69<>"",F69<>""),IF(E69>F69,"H",IF(E69<F69,"A","D")),"") -> H | J69: 0
A70: 62 | B70: 2026-06-17 | C70: K | D70: Uzbekistan | E70: 0 | F70: 3 | G70: Colombia | H70: =IF(AND(E70<>"",F70<>""),IF(E70>F70,"H",IF(E70<F70,"A","D")),"") -> A | J70: 1
A71: 63 | B71: 2026-06-23 | C71: K | D71: Portugal | E71: 4 | F71: 0 | G71: Uzbekistan | H71: =IF(AND(E71<>"",F71<>""),IF(E71>F71,"H",IF(E71<F71,"A","D")),"") -> H
A72: 64 | B72: 2026-06-23 | C72: K | D72: Colombia | E72: 2 | F72: 1 | G72: DR Congo | H72: =IF(AND(E72<>"",F72<>""),IF(E72>F72,"H",IF(E72<F72,"A","D")),"") -> H
A73: 65 | B73: 2026-06-27 | C73: K | D73: Colombia | E73: 1 | F73: 2 | G73: Portugal | H73: =IF(AND(E73<>"",F73<>""),IF(E73>F73,"H",IF(E73<F73,"A","D")),"") -> A
A74: 66 | B74: 2026-06-27 | C74: K | D74: DR Congo | E74: 1 | F74: 0 | G74: Uzbekistan | H74: =IF(AND(E74<>"",F74<>""),IF(E74>F74,"H",IF(E74<F74,"A","D")),"") -> H
A75: 67 | B75: 2026-06-17 | C75: L | D75: England | E75: 1 | F75: 0 | G75: Croatia | H75: =IF(AND(E75<>"",F75<>""),IF(E75>F75,"H",IF(E75<F75,"A","D")),"") -> H | J75: 1
A76: 68 | B76: 2026-06-17 | C76: L | D76: Ghana | E76: 1 | F76: 0 | G76: Panama | H76: =IF(AND(E76<>"",F76<>""),IF(E76>F76,"H",IF(E76<F76,"A","D")),"") -> H | J76: 3
A77: 69 | B77: 2026-06-23 | C77: L | D77: England | E77: 2 | F77: 0 | G77: Ghana | H77: =IF(AND(E77<>"",F77<>""),IF(E77>F77,"H",IF(E77<F77,"A","D")),"") -> H
A78: 70 | B78: 2026-06-23 | C78: L | D78: Panama | E78: 0 | F78: 2 | G78: Croatia | H78: =IF(AND(E78<>"",F78<>""),IF(E78>F78,"H",IF(E78<F78,"A","D")),"") -> A
A79: 71 | B79: 2026-06-27 | C79: L | D79: Panama | E79: 1 | F79: 2 | G79: England | H79: =IF(AND(E79<>"",F79<>""),IF(E79>F79,"H",IF(E79<F79,"A","D")),"") -> A
A80: 72 | B80: 2026-06-27 | C80: L | D80: Croatia | E80: 1 | F80: 1 | G80: Ghana | H80: =IF(AND(E80<>"",F80<>""),IF(E80>F80,"H",IF(E80<F80,"A","D")),"") -> D
J82: =SUM(J8:J80) -> 21

Sheet Knock-out Nova 
A8: Teams laatste 32 | D8: Teams laatste 16 | G8: Teams laatste 8 | J8: Teams laatste 4 | M8: Teams Finale | P8: Winnaar
A10: 1 | B10: Ecuador | D10: 1 | E10: Ecuador | G10: 1 | H10: frankrijk | J10: 1 | K10: nederland | M10: 1 | N10: nederland | P10: 1 | Q10: portugal
A11: =A10+1 -> 2 | B11: Frankrijk | D11: =D10+1 -> 2 | E11: Frankrijk | G11: =G10+1 -> 2 | H11: nederland | J11: =J10+1 -> 2 | K11: spanje | M11: =M10+1 -> 2 | N11: portugal
A12: =A11+1 -> 3 | B12: Tsjechie | D12: =D11+1 -> 3 | E12: Tsjechie | G12: =G11+1 -> 3 | H12: spanje | J12: =J11+1 -> 3 | K12: brazilie
A13: =A12+1 -> 4 | B13: Nederland | D13: =D12+1 -> 4 | E13: Nederland | G13: =G12+1 -> 4 | H13: ivoorkust | J13: =J12+1 -> 4 | K13: portugal
A14: =A13+1 -> 5 | B14: Colombia | D14: =D13+1 -> 5 | E14: Colombia | G14: =G13+1 -> 5 | H14: brazilie
A15: =A14+1 -> 6 | B15: spanje | D15: =D14+1 -> 6 | E15: spanje | G15: =G14+1 -> 6 | H15: engeland
A16: =A15+1 -> 7 | B16: ivoorkust | D16: =D15+1 -> 7 | E16: ivoorkust | G16: =G15+1 -> 7 | H16: argentinie
A17: =A16+1 -> 8 | B17: belgie | D17: =D16+1 -> 8 | E17: belgie | G17: =G16+1 -> 8 | H17: portugal
A18: =A17+1 -> 9 | B18: brazilie | D18: =D17+1 -> 9 | E18: brazilie
A19: =A18+1 -> 10 | B19: duitsland | D19: =D18+1 -> 10 | E19: duitsland
A20: =A19+1 -> 11 | B20: mexico | D20: =D19+1 -> 11 | E20: mexico | H20: Bonus Vragen:
A21: =A20+1 -> 12 | B21: engeland | D21: =D20+1 -> 12 | E21: engeland
A22: =A21+1 -> 13 | B22: argentinie | D22: =D21+1 -> 13 | E22: argentinie | H22: 1. Topscoorder toernooi | K22: Kylian Mbappé
A23: =A22+1 -> 14 | B23: egypte | D23: =D22+1 -> 14 | E23: egypte | H23: 2. Land met 1e rode kaart | K23: Argentinie
A24: =A23+1 -> 15 | B24: zwitserland | D24: =D23+1 -> 15 | E24: zwitserland | H24: 3. Beste speler toernooi | K24: Lamine Yamal
A25: =A24+1 -> 16 | B25: portugal | D25: =D24+1 -> 16 | E25: portugal
A26: =A25+1 -> 17 | B26: schotland | H26: Totaal aantal doelpunten | K26: 254
A27: =A26+1 -> 18 | B27: zweden | H27: (bij gelijke stand)
A28: =A27+1 -> 19 | B28: canada
A29: =A28+1 -> 20 | B29: marokko
A30: =A29+1 -> 21 | B30: kroatie
A31: =A30+1 -> 22 | B31: oostenrijk
A32: =A31+1 -> 23 | B32: turkije
A33: =A32+1 -> 24 | B33: noorwegen
A34: =A33+1 -> 25 | B34: japan
A35: =A34+1 -> 26 | B35: senegal
A36: =A35+1 -> 27 | B36: bosnie herzegovina
A37: =A36+1 -> 28 | B37: algerije
A38: =A37+1 -> 29 | B38: uruguay
A39: =A38+1 -> 30 | B39: USA
... A41: =A40+1 -> 32 | B41: ghana

Sheet Groepsfase Koen N
J6: Punten
A8: Nr | B8: Datum | C8: Groep | D8: Thuis | E8: T | F8: U | G8: Uit | H8: Res
A9: 1 | B9: 2026-06-11 | C9: A | D9: Mexico | E9: 2 | F9: 0 | G9: South Africa | H9: =IF(AND(E9<>"",F9<>""),IF(E9>F9,"H",IF(E9<F9,"A","D")),"") -> H | J9: 3
A10: 2 | B10: 2026-06-11 | C10: A | D10: South Korea | E10: 2 | F10: 1 | G10: Tsjechië | H10: =IF(AND(E10<>"",F10<>""),IF(E10>F10,"H",IF(E10<F10,"A","D")),"") -> H | J10: 3
A11: 3 | B11: 2026-06-18 | C11: A | D11: Tsjechië | E11: 2 | F11: 1 | G11: South Africa | H11: =IF(AND(E11<>"",F11<>""),IF(E11>F11,"H",IF(E11<F11,"A","D")),"") -> H
A12: 4 | B12: 2026-06-18 | C12: A | D12: Mexico | E12: 2 | F12: 1 | G12: South Korea | H12: =IF(AND(E12<>"",F12<>""),IF(E12>F12,"H",IF(E12<F12,"A","D")),"") -> H
A13: 5 | B13: 2026-06-24 | C13: A | D13: Tsjechië | E13: 1 | F13: 2 | G13: Mexico | H13: =IF(AND(E13<>"",F13<>""),IF(E13>F13,"H",IF(E13<F13,"A","D")),"") -> A
A14: 6 | B14: 2026-06-24 | C14: A | D14: South Africa | E14: 1 | F14: 2 | G14: South Korea | H14: =IF(AND(E14<>"",F14<>""),IF(E14>F14,"H",IF(E14<F14,"A","D")),"") -> A
A15: 7 | B15: 2026-06-12 | C15: B | D15: Canada | E15: 2 | F15: 1 | G15: Bosnië-Herzegovina | H15: =IF(AND(E15<>"",F15<>""),IF(E15>F15,"H",IF(E15<F15,"A","D")),"") -> H | J15: 0
A16: 8 | B16: 2026-06-13 | C16: B | D16: Qatar | E16: 0 | F16: 2 | G16: Switzerland | H16: =IF(AND(E16<>"",F16<>""),IF(E16>F16,"H",IF(E16<F16,"A","D")),"") -> A | J16: 0
A17: 9 | B17: 2026-06-18 | C17: B | D17: Switzerland | E17: 2 | F17: 1 | G17: Bosnië-Herzegovina | H17: =IF(AND(E17<>"",F17<>""),IF(E17>F17,"H",IF(E17<F17,"A","D")),"") -> H
A18: 10 | B18: 2026-06-18 | C18: B | D18: Canada | E18: 3 | F18: 0 | G18: Qatar | H18: =IF(AND(E18<>"",F18<>""),IF(E18>F18,"H",IF(E18<F18,"A","D")),"") -> H
A19: 11 | B19: 2026-06-24 | C19: B | D19: Switzerland | E19: 1 | F19: 1 | G19: Canada | H19: =IF(AND(E19<>"",F19<>""),IF(E19>F19,"H",IF(E19<F19,"A","D")),"") -> D
A20: 12 | B20: 2026-06-24 | C20: B | D20: Bosnië-Herzegovina | E20: 2 | F20: 1 | G20: Qatar | H20: =IF(AND(E20<>"",F20<>""),IF(E20>F20,"H",IF(E20<F20,"A","D")),"") -> H
A21: 13 | B21: 2026-06-13 | C21: C | D21: Brazil | E21: 2 | F21: 0 | G21: Morocco | H21: =IF(AND(E21<>"",F21<>""),IF(E21>F21,"H",IF(E21<F21,"A","D")),"") -> H | J21: 0
A22: 14 | B22: 2026-06-13 | C22: C | D22: Haiti | E22: 1 | F22: 2 | G22: Scotland | H22: =IF(AND(E22<>"",F22<>""),IF(E22>F22,"H",IF(E22<F22,"A","D")),"") -> A | J22: 1
A23: 15 | B23: 2026-06-19 | C23: C | D23: Scotland | E23: 1 | F23: 2 | G23: Morocco | H23: =IF(AND(E23<>"",F23<>""),IF(E23>F23,"H",IF(E23<F23,"A","D")),"") -> A
A24: 16 | B24: 2026-06-19 | C24: C | D24: Brazil | E24: 4 | F24: 0 | G24: Haiti | H24: =IF(AND(E24<>"",F24<>""),IF(E24>F24,"H",IF(E24<F24,"A","D")),"") -> H
A25: 17 | B25: 2026-06-24 | C25: C | D25: Scotland | E25: 0 | F25: 4 | G25: Brazil | H25: =IF(AND(E25<>"",F25<>""),IF(E25>F25,"H",IF(E25<F25,"A","D")),"") -> A
A26: 18 | B26: 2026-06-24 | C26: C | D26: Morocco | E26: 2 | F26: 0 | G26: Haiti | H26: =IF(AND(E26<>"",F26<>""),IF(E26>F26,"H",IF(E26<F26,"A","D")),"") -> H
A27: 19 | B27: 2026-06-12 | C27: D | D27: USA | E27: 2 | F27: 0 | G27: Paraguay | H27: =IF(AND(E27<>"",F27<>""),IF(E27>F27,"H",IF(E27<F27,"A","D")),"") -> H | J27: 1
A28: 20 | B28: 2026-06-13 | C28: D | D28: Australia | E28: 1 | F28: 2 | G28: Turkije | H28: =IF(AND(E28<>"",F28<>""),IF(E28>F28,"H",IF(E28<F28,"A","D")),"") -> A | J28: 0
A29: 21 | B29: 2026-06-19 | C29: D | D29: USA | E29: 2 | F29: 0 | G29: Australia | H29: =IF(AND(E29<>"",F29<>""),IF(E29>F29,"H",IF(E29<F29,"A","D")),"") -> H
A30: 22 | B30: 2026-06-19 | C30: D | D30: Turkije | E30: 2 | F30: 1 | G30: Paraguay | H30: =IF(AND(E30<>"",F30<>""),IF(E30>F30,"H",IF(E30<F30,"A","D")),"") -> H
A31: 23 | B31: 2026-06-25 | C31: D | D31: Turkije | E31: 1 | F31: 2 | G31: USA | H31: =IF(AND(E31<>"",F31<>""),IF(E31>F31,"H",IF(E31<F31,"A","D")),"") -> A
A32: 24 | B32: 2026-06-25 | C32: D | D32: Paraguay | E32: 1 | F32: 1 | G32: Australia | H32: =IF(AND(E32<>"",F32<>""),IF(E32>F32,"H",IF(E32<F32,"A","D")),"") -> D
A33: 25 | B33: 2026-06-14 | C33: E | D33: Germany | E33: 4 | F33: 0 | G33: Curaçao | H33: =IF(AND(E33<>"",F33<>""),IF(E33>F33,"H",IF(E33<F33,"A","D")),"") -> H | J33: 1
A34: 26 | B34: 2026-06-14 | C34: E | D34: Ivory Coast | E34: 1 | F34: 1 | G34: Ecuador | H34: =IF(AND(E34<>"",F34<>""),IF(E34>F34,"H",IF(E34<F34,"A","D")),"") -> D | J34: 0
A35: 27 | B35: 2026-06-20 | C35: E | D35: Germany | E35: 4 | F35: 0 | G35: Ivory Coast | H35: =IF(AND(E35<>"",F35<>""),IF(E35>F35,"H",IF(E35<F35,"A","D")),"") -> H
A36: 28 | B36: 2026-06-20 | C36: E | D36: Ecuador | E36: 2 | F36: 1 | G36: Curaçao | H36: =IF(AND(E36<>"",F36<>""),IF(E36>F36,"H",IF(E36<F36,"A","D")),"") -> H
A37: 29 | B37: 2026-06-25 | C37: E | D37: Ecuador | E37: 0 | F37: 4 | G37: Germany | H37: =IF(AND(E37<>"",F37<>""),IF(E37>F37,"H",IF(E37<F37,"A","D")),"") -> A
A38: 30 | B38: 2026-06-25 | C38: E | D38: Curaçao | E38: 1 | F38: 2 | G38: Ivory Coast | H38: =IF(AND(E38<>"",F38<>""),IF(E38>F38,"H",IF(E38<F38,"A","D")),"") -> A
A39: 31 | B39: 2026-06-14 | C39: F | D39: Netherlands | E39: 2 | F39: 1 | G39: Japan | H39: =IF(AND(E39<>"",F39<>""),IF(E39>F39,"H",IF(E39<F39,"A","D")),"") -> H
A40: 32 | B40: 2026-06-14 | C40: F | D40: Zweden | E40: 1 | F40: 1 | G40: Tunisia | H40: =IF(AND(E40<>"",F40<>""),IF(E40>F40,"H",IF(E40<F40,"A","D")),"") -> D | J40: 0
A41: 33 | B41: 2026-06-20 | C41: F | D41: Netherlands | E41: 2 | F41: 0 | G41: Zweden | H41: =IF(AND(E41<>"",F41<>""),IF(E41>F41,"H",IF(E41<F41,"A","D")),"") -> H | J41: 0
A42: 34 | B42: 2026-06-20 | C42: F | D42: Tunisia | E42: 1 | F42: 2 | G42: Japan | H42: =IF(AND(E42<>"",F42<>""),IF(E42>F42,"H",IF(E42<F42,"A","D")),"") -> A
A43: 35 | B43: 2026-06-25 | C43: F | D43: Japan | E43: 2 | F43: 1 | G43: Zweden | H43: =IF(AND(E43<>"",F43<>""),IF(E43>F43,"H",IF(E43<F43,"A","D")),"") -> H
A44: 36 | B44: 2026-06-25 | C44: F | D44: Tunisia | E44: 0 | F44: 2 | G44: Netherlands | H44: =IF(AND(E44<>"",F44<>""),IF(E44>F44,"H",IF(E44<F44,"A","D")),"") -> A
A45: 37 | B45: 2026-06-15 | C45: G | D45: Belgium | E45: 2 | F45: 0 | G45: Egypt | H45: =IF(AND(E45<>"",F45<>""),IF(E45>F45,"H",IF(E45<F45,"A","D")),"") -> H | J45: 0
A46: 38 | B46: 2026-06-15 | C46: G | D46: Iran | E46: 2 | F46: 1 | G46: New Zealand | H46: =IF(AND(E46<>"",F46<>""),IF(E46>F46,"H",IF(E46<F46,"A","D")),"") -> H | J46: 0
A47: 39 | B47: 2026-06-21 | C47: G | D47: Belgium | E47: 2 | F47: 0 | G47: Iran | H47: =IF(AND(E47<>"",F47<>""),IF(E47>F47,"H",IF(E47<F47,"A","D")),"") -> H
A48: 40 | B48: 2026-06-21 | C48: G | D48: New Zealand | E48: 1 | F48: 2 | G48: Egypt | H48: =IF(AND(E48<>"",F48<>""),IF(E48>F48,"H",IF(E48<F48,"A","D")),"") -> A
A49: 41 | B49: 2026-06-26 | C49: G | D49: Egypt | E49: 2 | F49: 1 | G49: Iran | H49: =IF(AND(E49<>"",F49<>""),IF(E49>F49,"H",IF(E49<F49,"A","D")),"") -> H
A50: 42 | B50: 2026-06-26 | C50: G | D50: New Zealand | E50: 0 | F50: 3 | G50: Belgium | H50: =IF(AND(E50<>"",F50<>""),IF(E50>F50,"H",IF(E50<F50,"A","D")),"") -> A
A51: 43 | B51: 2026-06-15 | C51: H | D51: Spain | E51: 4 | F51: 0 | G51: Cape Verde | H51: =IF(AND(E51<>"",F51<>""),IF(E51>F51,"H",IF(E51<F51,"A","D")),"") -> H | J51: 0
A52: 44 | B52: 2026-06-15 | C52: H | D52: Saudi Arabia | E52: 0 | F52: 2 | G52: Uruguay | H52: =IF(AND(E52<>"",F52<>""),IF(E52>F52,"H",IF(E52<F52,"A","D")),"") -> A | J52: 0
A53: 45 | B53: 2026-06-21 | C53: H | D53: Spain | E53: 2 | F53: 0 | G53: Saudi Arabia | H53: =IF(AND(E53<>"",F53<>""),IF(E53>F53,"H",IF(E53<F53,"A","D")),"") -> H
A54: 46 | B54: 2026-06-21 | C54: H | D54: Uruguay | E54: 3 | F54: 0 | G54: Cape Verde | H54: =IF(AND(E54<>"",F54<>""),IF(E54>F54,"H",IF(E54<F54,"A","D")),"") -> H
A55: 47 | B55: 2026-06-26 | C55: H | D55: Cape Verde | E55: 0 | F55: 1 | G55: Saudi Arabia | H55: =IF(AND(E55<>"",F55<>""),IF(E55>F55,"H",IF(E55<F55,"A","D")),"") -> A
A56: 48 | B56: 2026-06-26 | C56: H | D56: Uruguay | E56: 1 | F56: 2 | G56: Spain | H56: =IF(AND(E56<>"",F56<>""),IF(E56>F56,"H",IF(E56<F56,"A","D")),"") -> A
A57: 49 | B57: 2026-06-16 | C57: I | D57: France | E57: 2 | F57: 0 | G57: Senegal | H57: =IF(AND(E57<>"",F57<>""),IF(E57>F57,"H",IF(E57<F57,"A","D")),"") -> H | J57: 1
A58: 50 | B58: 2026-06-16 | C58: I | D58: Irak | E58: 0 | F58: 2 | G58: Norway | H58: =IF(AND(E58<>"",F58<>""),IF(E58>F58,"H",IF(E58<F58,"A","D")),"") -> A | J58: 1
A59: 51 | B59: 2026-06-22 | C59: I | D59: France | E59: 4 | F59: 0 | G59: Irak | H59: =IF(AND(E59<>"",F59<>""),IF(E59>F59,"H",IF(E59<F59,"A","D")),"") -> H
A60: 52 | B60: 2026-06-22 | C60: I | D60: Norway | E60: 2 | F60: 1 | G60: Senegal | H60: =IF(AND(E60<>"",F60<>""),IF(E60>F60,"H",IF(E60<F60,"A","D")),"") -> H
A61: 53 | B61: 2026-06-26 | C61: I | D61: Norway | E61: 0 | F61: 2 | G61: France | H61: =IF(AND(E61<>"",F61<>""),IF(E61>F61,"H",IF(E61<F61,"A","D")),"") -> A
A62: 54 | B62: 2026-06-26 | C62: I | D62: Senegal | E62: 2 | F62: 0 | G62: Irak | H62: =IF(AND(E62<>"",F62<>""),IF(E62>F62,"H",IF(E62<F62,"A","D")),"") -> H
A63: 55 | B63: 2026-06-16 | C63: J | D63: Argentina | E63: 4 | F63: 0 | G63: Algeria | H63: =IF(AND(E63<>"",F63<>""),IF(E63>F63,"H",IF(E63<F63,"A","D")),"") -> H | J63: 1
A64: 56 | B64: 2026-06-16 | C64: J | D64: Austria | E64: 2 | F64: 0 | G64: Jordan | H64: =IF(AND(E64<>"",F64<>""),IF(E64>F64,"H",IF(E64<F64,"A","D")),"") -> H | J64: 1
A65: 57 | B65: 2026-06-22 | C65: J | D65: Argentina | E65: 2 | F65: 0 | G65: Austria | H65: =IF(AND(E65<>"",F65<>""),IF(E65>F65,"H",IF(E65<F65,"A","D")),"") -> H
A66: 58 | B66: 2026-06-22 | C66: J | D66: Jordan | E66: 1 | F66: 2 | G66: Algeria | H66: =IF(AND(E66<>"",F66<>""),IF(E66>F66,"H",IF(E66<F66,"A","D")),"") -> A
A67: 59 | B67: 2026-06-27 | C67: J | D67: Algeria | E67: 1 | F67: 2 | G67: Austria | H67: =IF(AND(E67<>"",F67<>""),IF(E67>F67,"H",IF(E67<F67,"A","D")),"") -> A
A68: 60 | B68: 2026-06-27 | C68: J | D68: Jordan | E68: 0 | F68: 4 | G68: Argentina | H68: =IF(AND(E68<>"",F68<>""),IF(E68>F68,"H",IF(E68<F68,"A","D")),"") -> A
A69: 61 | B69: 2026-06-17 | C69: K | D69: Portugal | E69: 2 | F69: 0 | G69: DR Congo | H69: =IF(AND(E69<>"",F69<>""),IF(E69>F69,"H",IF(E69<F69,"A","D")),"") -> H | J69: 0
A70: 62 | B70: 2026-06-17 | C70: K | D70: Uzbekistan | E70: 1 | F70: 2 | G70: Colombia | H70: =IF(AND(E70<>"",F70<>""),IF(E70>F70,"H",IF(E70<F70,"A","D")),"") -> A | J70: 1
A71: 63 | B71: 2026-06-23 | C71: K | D71: Portugal | E71: 2 | F71: 0 | G71: Uzbekistan | H71: =IF(AND(E71<>"",F71<>""),IF(E71>F71,"H",IF(E71<F71,"A","D")),"") -> H
A72: 64 | B72: 2026-06-23 | C72: K | D72: Colombia | E72: 2 | F72: 1 | G72: DR Congo | H72: =IF(AND(E72<>"",F72<>""),IF(E72>F72,"H",IF(E72<F72,"A","D")),"") -> H
A73: 65 | B73: 2026-06-27 | C73: K | D73: Colombia | E73: 1 | F73: 2 | G73: Portugal | H73: =IF(AND(E73<>"",F73<>""),IF(E73>F73,"H",IF(E73<F73,"A","D")),"") -> A
A74: 66 | B74: 2026-06-27 | C74: K | D74: DR Congo | E74: 2 | F74: 1 | G74: Uzbekistan | H74: =IF(AND(E74<>"",F74<>""),IF(E74>F74,"H",IF(E74<F74,"A","D")),"") -> H
A75: 67 | B75: 2026-06-17 | C75: L | D75: England | E75: 2 | F75: 1 | G75: Croatia | H75: =IF(AND(E75<>"",F75<>""),IF(E75>F75,"H",IF(E75<F75,"A","D")),"") -> H | J75: 1
A76: 68 | B76: 2026-06-17 | C76: L | D76: Ghana | E76: 2 | F76: 1 | G76: Panama | H76: =IF(AND(E76<>"",F76<>""),IF(E76>F76,"H",IF(E76<F76,"A","D")),"") -> H | J76: 1
A77: 69 | B77: 2026-06-23 | C77: L | D77: England | E77: 2 | F77: 0 | G77: Ghana | H77: =IF(AND(E77<>"",F77<>""),IF(E77>F77,"H",IF(E77<F77,"A","D")),"") -> H
A78: 70 | B78: 2026-06-23 | C78: L | D78: Panama | E78: 1 | F78: 2 | G78: Croatia | H78: =IF(AND(E78<>"",F78<>""),IF(E78>F78,"H",IF(E78<F78,"A","D")),"") -> A
A79: 71 | B79: 2026-06-27 | C79: L | D79: Panama | E79: 0 | F79: 2 | G79: England | H79: =IF(AND(E79<>"",F79<>""),IF(E79>F79,"H",IF(E79<F79,"A","D")),"") -> A
A80: 72 | B80: 2026-06-27 | C80: L | D80: Croatia | E80: 2 | F80: 1 | G80: Ghana | H80: =IF(AND(E80<>"",F80<>""),IF(E80>F80,"H",IF(E80<F80,"A","D")),"") -> H
J82: =SUM(J8:J80) -> 16

Sheet Knock-out Koen N 
A8: Teams laatste 32 | D8: Teams laatste 16 | G8: Teams laatste 8 | J8: Teams laatste 4 | M8: Teams Finale | P8: Winnaar
A10: 1 | B10: Mexico | D10: 1 | E10: Brazil | G10: 1 | H10: Brazil | J10: 1 | K10: Spain | M10: 1 | N10: Spain | P10: 1 | Q10: Spain
A11: =A10+1 -> 2 | B11: South Korea | D11: =D10+1 -> 2 | E11: Germany | G11: =G10+1 -> 2 | H11: Spain | J11: =J10+1 -> 2 | K11: France | M11: =M10+1 -> 2 | N11: Portugal
A12: =A11+1 -> 3 | B12: Canada | D12: =D11+1 -> 3 | E12: Spain | G12: =G11+1 -> 3 | H12: France | J12: =J11+1 -> 3 | K12: Portugal
A13: =A12+1 -> 4 | B13: Switzerland | D13: =D12+1 -> 4 | E13: France | G13: =G12+1 -> 4 | H13: Argentina | J13: =J12+1 -> 4 | K13: Germany
A14: =A13+1 -> 5 | B14: Brazil | D14: =D13+1 -> 5 | E14: Argentina | G14: =G13+1 -> 5 | H14: Portugal
A15: =A14+1 -> 6 | B15: Morocco | D15: =D14+1 -> 6 | E15: Portugal | G15: =G14+1 -> 6 | H15: Netherlands
A16: =A15+1 -> 7 | B16: USA | D16: =D15+1 -> 7 | E16: England | G16: =G15+1 -> 7 | H16: Germany
A17: =A16+1 -> 8 | B17: Turkey | D17: =D16+1 -> 8 | E17: Netherlands | G17: =G16+1 -> 8 | H17: England
A18: =A17+1 -> 9 | B18: Germany | D18: =D17+1 -> 9 | E18: Mexico
A19: =A18+1 -> 10 | B19: Ecuador | D19: =D18+1 -> 10 | E19: USA
A20: =A19+1 -> 11 | B20: Netherlands | D20: =D19+1 -> 11 | E20: Belgium | H20: Bonus Vragen:
A21: =A20+1 -> 12 | B21: Japan | D21: =D20+1 -> 12 | E21: Morocco
A22: =A21+1 -> 13 | B22: Belgium | D22: =D21+1 -> 13 | E22: Colombia | H22: 1. Topscoorder toernooi | I22: Kylian Mbappé (France)
A23: =A22+1 -> 14 | B23: Egypt | D23: =D22+1 -> 14 | E23: Norway | H23: 2. Land met 1e rode kaart | I23: Saudi Arabia
A24: =A23+1 -> 15 | B24: Spain | D24: =D23+1 -> 15 | E24: Ecuador | H24: 3. Beste speler toernooi | I24: Lamine Yamal (Spain)
A25: =A24+1 -> 16 | B25: Uruguay | D25: =D24+1 -> 16 | E25: Croatia
A26: =A25+1 -> 17 | B26: France | H26: Totaal aantal doelpunten | I26: 274
A27: =A26+1 -> 18 | B27: Norway | H27: (bij gelijke stand)
A28: =A27+1 -> 19 | B28: Argentina
A29: =A28+1 -> 20 | B29: Austria
A30: =A29+1 -> 21 | B30: Portugal
A31: =A30+1 -> 22 | B31: Colombia
A32: =A31+1 -> 23 | B32: England
A33: =A32+1 -> 24 | B33: Croatia
A34: =A33+1 -> 25 | B34: Tsjechië
A35: =A34+1 -> 26 | B35: Bosnië-Herzegovina
A36: =A35+1 -> 27 | B36: Scotland
A37: =A36+1 -> 28 | B37: Paraguay
A38: =A37+1 -> 29 | B38: Ivory Coast
A39: =A38+1 -> 30 | B39: Sweden
... A41: =A40+1 -> 32 | B41: Senegal

Sheet Groepsfase Frederique
J6: Punten
A8: Nr | B8: Datum | C8: Groep | D8: Thuis | E8: T | F8: U | G8: Uit | H8: Res
A9: 1 | B9: 2026-06-11 | C9: A | D9: Mexico | E9: 3 | F9: 1 | G9: South Africa | H9: =IF(AND(E9<>"",F9<>""),IF(E9>F9,"H",IF(E9<F9,"A","D")),"") -> H | J9: 1
A10: 2 | B10: 2026-06-11 | C10: A | D10: South Korea | E10: 2 | F10: 0 | G10: Tsjechië | H10: =IF(AND(E10<>"",F10<>""),IF(E10>F10,"H",IF(E10<F10,"A","D")),"") -> H | J10: 1
A11: 3 | B11: 2026-06-18 | C11: A | D11: Tsjechië | E11: 1 | F11: 0 | G11: South Africa | H11: =IF(AND(E11<>"",F11<>""),IF(E11>F11,"H",IF(E11<F11,"A","D")),"") -> H
A12: 4 | B12: 2026-06-18 | C12: A | D12: Mexico | E12: 2 | F12: 1 | G12: South Korea | H12: =IF(AND(E12<>"",F12<>""),IF(E12>F12,"H",IF(E12<F12,"A","D")),"") -> H
A13: 5 | B13: 2026-06-24 | C13: A | D13: Tsjechië | E13: 1 | F13: 1 | G13: Mexico | H13: =IF(AND(E13<>"",F13<>""),IF(E13>F13,"H",IF(E13<F13,"A","D")),"") -> D
A14: 6 | B14: 2026-06-24 | C14: A | D14: South Africa | E14: 1 | F14: 0 | G14: South Korea | H14: =IF(AND(E14<>"",F14<>""),IF(E14>F14,"H",IF(E14<F14,"A","D")),"") -> H
A15: 7 | B15: 2026-06-12 | C15: B | D15: Canada | E15: 2 | F15: 0 | G15: Bosnië-Herzegovina | H15: =IF(AND(E15<>"",F15<>""),IF(E15>F15,"H",IF(E15<F15,"A","D")),"") -> H | J15: 0
A16: 8 | B16: 2026-06-13 | C16: B | D16: Qatar | E16: 0 | F16: 1 | G16: Switzerland | H16: =IF(AND(E16<>"",F16<>""),IF(E16>F16,"H",IF(E16<F16,"A","D")),"") -> A | J16: 0
A17: 9 | B17: 2026-06-18 | C17: B | D17: Switzerland | E17: 1 | F17: 1 | G17: Bosnië-Herzegovina | H17: =IF(AND(E17<>"",F17<>""),IF(E17>F17,"H",IF(E17<F17,"A","D")),"") -> D
A18: 10 | B18: 2026-06-18 | C18: B | D18: Canada | E18: 2 | F18: 0 | G18: Qatar | H18: =IF(AND(E18<>"",F18<>""),IF(E18>F18,"H",IF(E18<F18,"A","D")),"") -> H
A19: 11 | B19: 2026-06-24 | C19: B | D19: Switzerland | E19: 0 | F19: 2 | G19: Canada | H19: =IF(AND(E19<>"",F19<>""),IF(E19>F19,"H",IF(E19<F19,"A","D")),"") -> A
A20: 12 | B20: 2026-06-24 | C20: B | D20: Bosnië-Herzegovina | E20: 1 | F20: 0 | G20: Qatar | H20: =IF(AND(E20<>"",F20<>""),IF(E20>F20,"H",IF(E20<F20,"A","D")),"") -> H
A21: 13 | B21: 2026-06-13 | C21: C | D21: Brazil | E21: 3 | F21: 1 | G21: Morocco | H21: =IF(AND(E21<>"",F21<>""),IF(E21>F21,"H",IF(E21<F21,"A","D")),"") -> H | J21: 1
A22: 14 | B22: 2026-06-13 | C22: C | D22: Haiti | E22: 1 | F22: 2 | G22: Scotland | H22: =IF(AND(E22<>"",F22<>""),IF(E22>F22,"H",IF(E22<F22,"A","D")),"") -> A | J22: 1
A23: 15 | B23: 2026-06-19 | C23: C | D23: Scotland | E23: 1 | F23: 2 | G23: Morocco | H23: =IF(AND(E23<>"",F23<>""),IF(E23>F23,"H",IF(E23<F23,"A","D")),"") -> A
A24: 16 | B24: 2026-06-19 | C24: C | D24: Brazil | E24: 4 | F24: 0 | G24: Haiti | H24: =IF(AND(E24<>"",F24<>""),IF(E24>F24,"H",IF(E24<F24,"A","D")),"") -> H
A25: 17 | B25: 2026-06-24 | C25: C | D25: Scotland | E25: 0 | F25: 2 | G25: Brazil | H25: =IF(AND(E25<>"",F25<>""),IF(E25>F25,"H",IF(E25<F25,"A","D")),"") -> A
A26: 18 | B26: 2026-06-24 | C26: C | D26: Morocco | E26: 2 | F26: 0 | G26: Haiti | H26: =IF(AND(E26<>"",F26<>""),IF(E26>F26,"H",IF(E26<F26,"A","D")),"") -> H
A27: 19 | B27: 2026-06-12 | C27: D | D27: USA | E27: 3 | F27: 1 | G27: Paraguay | H27: =IF(AND(E27<>"",F27<>""),IF(E27>F27,"H",IF(E27<F27,"A","D")),"") -> H | J27: 1
A28: 20 | B28: 2026-06-13 | C28: D | D28: Australia | E28: 1 | F28: 0 | G28: Turkije | H28: =IF(AND(E28<>"",F28<>""),IF(E28>F28,"H",IF(E28<F28,"A","D")),"") -> H | J28: 1
A29: 21 | B29: 2026-06-19 | C29: D | D29: USA | E29: 1 | F29: 0 | G29: Australia | H29: =IF(AND(E29<>"",F29<>""),IF(E29>F29,"H",IF(E29<F29,"A","D")),"") -> H
A30: 22 | B30: 2026-06-19 | C30: D | D30: Turkije | E30: 2 | F30: 1 | G30: Paraguay | H30: =IF(AND(E30<>"",F30<>""),IF(E30>F30,"H",IF(E30<F30,"A","D")),"") -> H
A31: 23 | B31: 2026-06-25 | C31: D | D31: Turkije | E31: 1 | F31: 1 | G31: USA | H31: =IF(AND(E31<>"",F31<>""),IF(E31>F31,"H",IF(E31<F31,"A","D")),"") -> D
A32: 24 | B32: 2026-06-25 | C32: D | D32: Paraguay | E32: 0 | F32: 1 | G32: Australia | H32: =IF(AND(E32<>"",F32<>""),IF(E32>F32,"H",IF(E32<F32,"A","D")),"") -> A
A33: 25 | B33: 2026-06-14 | C33: E | D33: Germany | E33: 2 | F33: 0 | G33: Curaçao | H33: =IF(AND(E33<>"",F33<>""),IF(E33>F33,"H",IF(E33<F33,"A","D")),"") -> H | J33: 1
A34: 26 | B34: 2026-06-14 | C34: E | D34: Ivory Coast | E34: 0 | F34: 0 | G34: Ecuador | H34: =IF(AND(E34<>"",F34<>""),IF(E34>F34,"H",IF(E34<F34,"A","D")),"") -> D | J34: 0
A35: 27 | B35: 2026-06-20 | C35: E | D35: Germany | E35: 1 | F35: 1 | G35: Ivory Coast | H35: =IF(AND(E35<>"",F35<>""),IF(E35>F35,"H",IF(E35<F35,"A","D")),"") -> D
A36: 28 | B36: 2026-06-20 | C36: E | D36: Ecuador | E36: 0 | F36: 0 | G36: Curaçao | H36: =IF(AND(E36<>"",F36<>""),IF(E36>F36,"H",IF(E36<F36,"A","D")),"") -> D
A37: 29 | B37: 2026-06-25 | C37: E | D37: Ecuador | E37: 0 | F37: 0 | G37: Germany | H37: =IF(AND(E37<>"",F37<>""),IF(E37>F37,"H",IF(E37<F37,"A","D")),"") -> D
A38: 30 | B38: 2026-06-25 | C38: E | D38: Curaçao | E38: 0 | F38: 1 | G38: Ivory Coast | H38: =IF(AND(E38<>"",F38<>""),IF(E38>F38,"H",IF(E38<F38,"A","D")),"") -> A
A39: 31 | B39: 2026-06-14 | C39: F | D39: Netherlands | E39: 2 | F39: 0 | G39: Japan | H39: =IF(AND(E39<>"",F39<>""),IF(E39>F39,"H",IF(E39<F39,"A","D")),"") -> H | J39: 0
A40: 32 | B40: 2026-06-14 | C40: F | D40: Zweden | E40: 1 | F40: 0 | G40: Tunisia | H40: =IF(AND(E40<>"",F40<>""),IF(E40>F40,"H",IF(E40<F40,"A","D")),"") -> H | J40: 1
A41: 33 | B41: 2026-06-20 | C41: F | D41: Netherlands | E41: 2 | F41: 1 | G41: Zweden | H41: =IF(AND(E41<>"",F41<>""),IF(E41>F41,"H",IF(E41<F41,"A","D")),"") -> H
A42: 34 | B42: 2026-06-20 | C42: F | D42: Tunisia | E42: 0 | F42: 1 | G42: Japan | H42: =IF(AND(E42<>"",F42<>""),IF(E42>F42,"H",IF(E42<F42,"A","D")),"") -> A
A43: 35 | B43: 2026-06-25 | C43: F | D43: Japan | E43: 2 | F43: 2 | G43: Zweden | H43: =IF(AND(E43<>"",F43<>""),IF(E43>F43,"H",IF(E43<F43,"A","D")),"") -> D
A44: 36 | B44: 2026-06-25 | C44: F | D44: Tunisia | E44: 1 | F44: 4 | G44: Netherlands | H44: =IF(AND(E44<>"",F44<>""),IF(E44>F44,"H",IF(E44<F44,"A","D")),"") -> A
A45: 37 | B45: 2026-06-15 | C45: G | D45: Belgium | E45: 1 | F45: 0 | G45: Egypt | H45: =IF(AND(E45<>"",F45<>""),IF(E45>F45,"H",IF(E45<F45,"A","D")),"") -> H | J45: 0
A46: 38 | B46: 2026-06-15 | C46: G | D46: Iran | E46: 0 | F46: 2 | G46: New Zealand | H46: =IF(AND(E46<>"",F46<>""),IF(E46>F46,"H",IF(E46<F46,"A","D")),"") -> A | J46: 0
A47: 39 | B47: 2026-06-21 | C47: G | D47: Belgium | E47: 1 | F47: 0 | G47: Iran | H47: =IF(AND(E47<>"",F47<>""),IF(E47>F47,"H",IF(E47<F47,"A","D")),"") -> H
A48: 40 | B48: 2026-06-21 | C48: G | D48: New Zealand | E48: 0 | F48: 0 | G48: Egypt | H48: =IF(AND(E48<>"",F48<>""),IF(E48>F48,"H",IF(E48<F48,"A","D")),"") -> D
A49: 41 | B49: 2026-06-26 | C49: G | D49: Egypt | E49: 1 | F49: 0 | G49: Iran | H49: =IF(AND(E49<>"",F49<>""),IF(E49>F49,"H",IF(E49<F49,"A","D")),"") -> H
A50: 42 | B50: 2026-06-26 | C50: G | D50: New Zealand | E50: 1 | F50: 1 | G50: Belgium | H50: =IF(AND(E50<>"",F50<>""),IF(E50>F50,"H",IF(E50<F50,"A","D")),"") -> D
A51: 43 | B51: 2026-06-15 | C51: H | D51: Spain | E51: 3 | F51: 0 | G51: Cape Verde | H51: =IF(AND(E51<>"",F51<>""),IF(E51>F51,"H",IF(E51<F51,"A","D")),"") -> H | J51: 0
A52: 44 | B52: 2026-06-15 | C52: H | D52: Saudi Arabia | E52: 0 | F52: 2 | G52: Uruguay | H52: =IF(AND(E52<>"",F52<>""),IF(E52>F52,"H",IF(E52<F52,"A","D")),"") -> A | J52: 0
A53: 45 | B53: 2026-06-21 | C53: H | D53: Spain | E53: 2 | F53: 0 | G53: Saudi Arabia | H53: =IF(AND(E53<>"",F53<>""),IF(E53>F53,"H",IF(E53<F53,"A","D")),"") -> H
A54: 46 | B54: 2026-06-21 | C54: H | D54: Uruguay | E54: 3 | F54: 0 | G54: Cape Verde | H54: =IF(AND(E54<>"",F54<>""),IF(E54>F54,"H",IF(E54<F54,"A","D")),"") -> H
A55: 47 | B55: 2026-06-26 | C55: H | D55: Cape Verde | E55: 0 | F55: 1 | G55: Saudi Arabia | H55: =IF(AND(E55<>"",F55<>""),IF(E55>F55,"H",IF(E55<F55,"A","D")),"") -> A
A56: 48 | B56: 2026-06-26 | C56: H | D56: Uruguay | E56: 0 | F56: 4 | G56: Spain | H56: =IF(AND(E56<>"",F56<>""),IF(E56>F56,"H",IF(E56<F56,"A","D")),"") -> A
A57: 49 | B57: 2026-06-16 | C57: I | D57: France | E57: 1 | F57: 0 | G57: Senegal | H57: =IF(AND(E57<>"",F57<>""),IF(E57>F57,"H",IF(E57<F57,"A","D")),"") -> H | J57: 1
A58: 50 | B58: 2026-06-16 | C58: I | D58: Irak | E58: 0 | F58: 2 | G58: Norway | H58: =IF(AND(E58<>"",F58<>""),IF(E58>F58,"H",IF(E58<F58,"A","D")),"") -> A | J58: 1
A59: 51 | B59: 2026-06-22 | C59: I | D59: France | E59: 2 | F59: 1 | G59: Irak | H59: =IF(AND(E59<>"",F59<>""),IF(E59>F59,"H",IF(E59<F59,"A","D")),"") -> H
A60: 52 | B60: 2026-06-22 | C60: I | D60: Norway | E60: 1 | F60: 0 | G60: Senegal | H60: =IF(AND(E60<>"",F60<>""),IF(E60>F60,"H",IF(E60<F60,"A","D")),"") -> H
A61: 53 | B61: 2026-06-26 | C61: I | D61: Norway | E61: 1 | F61: 1 | G61: France | H61: =IF(AND(E61<>"",F61<>""),IF(E61>F61,"H",IF(E61<F61,"A","D")),"") -> D
A62: 54 | B62: 2026-06-26 | C62: I | D62: Senegal | E62: 1 | F62: 0 | G62: Irak | H62: =IF(AND(E62<>"",F62<>""),IF(E62>F62,"H",IF(E62<F62,"A","D")),"") -> H
A63: 55 | B63: 2026-06-16 | C63: J | D63: Argentina | E63: 2 | F63: 0 | G63: Algeria | H63: =IF(AND(E63<>"",F63<>""),IF(E63>F63,"H",IF(E63<F63,"A","D")),"") -> H | J63: 1
A64: 56 | B64: 2026-06-16 | C64: J | D64: Austria | E64: 1 | F64: 0 | G64: Jordan | H64: =IF(AND(E64<>"",F64<>""),IF(E64>F64,"H",IF(E64<F64,"A","D")),"") -> H | J64: 1
A65: 57 | B65: 2026-06-22 | C65: J | D65: Argentina | E65: 2 | F65: 0 | G65: Austria | H65: =IF(AND(E65<>"",F65<>""),IF(E65>F65,"H",IF(E65<F65,"A","D")),"") -> H
A66: 58 | B66: 2026-06-22 | C66: J | D66: Jordan | E66: 0 | F66: 0 | G66: Algeria | H66: =IF(AND(E66<>"",F66<>""),IF(E66>F66,"H",IF(E66<F66,"A","D")),"") -> D
A67: 59 | B67: 2026-06-27 | C67: J | D67: Algeria | E67: 1 | F67: 0 | G67: Austria | H67: =IF(AND(E67<>"",F67<>""),IF(E67>F67,"H",IF(E67<F67,"A","D")),"") -> H
A68: 60 | B68: 2026-06-27 | C68: J | D68: Jordan | E68: 1 | F68: 3 | G68: Argentina | H68: =IF(AND(E68<>"",F68<>""),IF(E68>F68,"H",IF(E68<F68,"A","D")),"") -> A
A69: 61 | B69: 2026-06-17 | C69: K | D69: Portugal | E69: 3 | F69: 1 | G69: DR Congo | H69: =IF(AND(E69<>"",F69<>""),IF(E69>F69,"H",IF(E69<F69,"A","D")),"") -> H | J69: 0
A70: 62 | B70: 2026-06-17 | C70: K | D70: Uzbekistan | E70: 1 | F70: 0 | G70: Colombia | H70: =IF(AND(E70<>"",F70<>""),IF(E70>F70,"H",IF(E70<F70,"A","D")),"") -> H | J70: 0
A71: 63 | B71: 2026-06-23 | C71: K | D71: Portugal | E71: 4 | F71: 0 | G71: Uzbekistan | H71: =IF(AND(E71<>"",F71<>""),IF(E71>F71,"H",IF(E71<F71,"A","D")),"") -> H
A72: 64 | B72: 2026-06-23 | C72: K | D72: Colombia | E72: 0 | F72: 1 | G72: DR Congo | H72: =IF(AND(E72<>"",F72<>""),IF(E72>F72,"H",IF(E72<F72,"A","D")),"") -> A
A73: 65 | B73: 2026-06-27 | C73: K | D73: Colombia | E73: 0 | F73: 2 | G73: Portugal | H73: =IF(AND(E73<>"",F73<>""),IF(E73>F73,"H",IF(E73<F73,"A","D")),"") -> A
A74: 66 | B74: 2026-06-27 | C74: K | D74: DR Congo | E74: 1 | F74: 1 | G74: Uzbekistan | H74: =IF(AND(E74<>"",F74<>""),IF(E74>F74,"H",IF(E74<F74,"A","D")),"") -> D
A75: 67 | B75: 2026-06-17 | C75: L | D75: England | E75: 1 | F75: 0 | G75: Croatia | H75: =IF(AND(E75<>"",F75<>""),IF(E75>F75,"H",IF(E75<F75,"A","D")),"") -> H | J75: 1
A76: 68 | B76: 2026-06-17 | C76: L | D76: Ghana | E76: 0 | F76: 1 | G76: Panama | H76: =IF(AND(E76<>"",F76<>""),IF(E76>F76,"H",IF(E76<F76,"A","D")),"") -> A | J76: 0
A77: 69 | B77: 2026-06-23 | C77: L | D77: England | E77: 2 | F77: 1 | G77: Ghana | H77: =IF(AND(E77<>"",F77<>""),IF(E77>F77,"H",IF(E77<F77,"A","D")),"") -> H
A78: 70 | B78: 2026-06-23 | C78: L | D78: Panama | E78: 0 | F78: 3 | G78: Croatia | H78: =IF(AND(E78<>"",F78<>""),IF(E78>F78,"H",IF(E78<F78,"A","D")),"") -> A
A79: 71 | B79: 2026-06-27 | C79: L | D79: Panama | E79: 1 | F79: 2 | G79: England | H79: =IF(AND(E79<>"",F79<>""),IF(E79>F79,"H",IF(E79<F79,"A","D")),"") -> A
A80: 72 | B80: 2026-06-27 | C80: L | D80: Croatia | E80: 2 | F80: 0 | G80: Ghana | H80: =IF(AND(E80<>"",F80<>""),IF(E80>F80,"H",IF(E80<F80,"A","D")),"") -> H
J82: =SUM(J8:J80) -> 13

Sheet Knock-out Frederique 
A8: Teams laatste 32 | D8: Teams laatste 16 | G8: Teams laatste 8 | J8: Teams laatste 4 | M8: Teams Finale | P8: Winnaar
A10: 1 | B10: Mexico | D10: 1 | E10: Mexico | G10: 1 | H10: Nederland | J10: 1 | K10: Nederland | M10: 1 | N10: Nederland | P10: 1 | Q10: Nederland
A11: =A10+1 -> 2 | B11: Tjechië | D11: =D10+1 -> 2 | E11: Brazilië | G11: =G10+1 -> 2 | H11: Portugal | J11: =J10+1 -> 2 | K11: Portugal | M11: =M10+1 -> 2 | N11: Spanje
A12: =A11+1 -> 3 | B12: Zuid-Korea | D12: =D11+1 -> 3 | E12: USA | G12: =G11+1 -> 3 | H12: Argentinië | J12: =J11+1 -> 3 | K12: Engeland
A13: =A12+1 -> 4 | B13: Canada | D13: =D12+1 -> 4 | E13: Nederland | G13: =G12+1 -> 4 | H13: Spanje | J13: =J12+1 -> 4 | K13: Spanje
A14: =A13+1 -> 5 | B14: Zwitserland | D14: =D13+1 -> 5 | E14: Spanje | G14: =G13+1 -> 5 | H14: Ivoorkust
A15: =A14+1 -> 6 | B15: Bosnië | D15: =D14+1 -> 6 | E15: Portugal | G15: =G14+1 -> 6 | H15: Duitsland
A16: =A15+1 -> 7 | B16: Brazilië | D16: =D15+1 -> 7 | E16: België | G16: =G15+1 -> 7 | H16: Engeland
A17: =A16+1 -> 8 | B17: Marokko | D17: =D16+1 -> 8 | E17: Engeland | G17: =G16+1 -> 8 | H17: Brazilië
A18: =A17+1 -> 9 | B18: USA | D18: =D17+1 -> 9 | E18: Australië
A19: =A18+1 -> 10 | B19: Australië | D19: =D18+1 -> 10 | E19: Duitsland
A20: =A19+1 -> 11 | B20: Turkije | D20: =D19+1 -> 11 | E20: Argentinië | H20: Bonus Vragen:
A21: =A20+1 -> 12 | B21: Duitsland | D21: =D20+1 -> 12 | E21: Ecuador
A22: =A21+1 -> 13 | B22: Ivoorkust | D22: =D21+1 -> 13 | E22: Ivoorkust | H22: 1. Topscoorder toernooi | K22: Malen
A23: =A22+1 -> 14 | B23: Ecuador | D23: =D22+1 -> 14 | E23: Japan | H23: 2. Land met 1e rode kaart | K23: Marokko
A24: =A23+1 -> 15 | B24: Nederland | D24: =D23+1 -> 15 | E24: Noorwegen | H24: 3. Beste speler toernooi | K24: Ronaldo
A25: =A24+1 -> 16 | B25: Zweden | D25: =D24+1 -> 16 | E25: Kroatië
A26: =A25+1 -> 17 | B26: Japan | H26: Totaal aantal doelpunten | K26: 299
A27: =A26+1 -> 18 | B27: België | H27: (bij gelijke stand)
A28: =A27+1 -> 19 | B28: Nieuw-Zeeland
A29: =A28+1 -> 20 | B29: Egypte
A30: =A29+1 -> 21 | B30: Spanje
A31: =A30+1 -> 22 | B31: Uruguay
A32: =A31+1 -> 23 | B32: Noorwegen
A33: =A32+1 -> 24 | B33: Frankrijk
A34: =A33+1 -> 25 | B34: Senegal
A35: =A34+1 -> 26 | B35: Argentinië
A36: =A35+1 -> 27 | B36: Algerije
A37: =A36+1 -> 28 | B37: Portugal
A38: =A37+1 -> 29 | B38: Congo
A39: =A38+1 -> 30 | B39: Oezbekistan
... A41: =A40+1 -> 32 | B41: Kroatië

Sheet Groepsfase PP
J6: Punten
A8: Nr | B8: Datum | C8: Groep | D8: Thuis | E8: T | F8: U | G8: Uit | H8: Res
A9: 1 | B9: 2026-06-11 | C9: A | D9: Mexico | E9: 2 | F9: 0 | G9: South Africa | H9: =IF(AND(E9<>"",F9<>""),IF(E9>F9,"H",IF(E9<F9,"A","D")),"") -> H | J9: 3
A10: 2 | B10: 2026-06-11 | C10: A | D10: South Korea | E10: 0 | F10: 1 | G10: Tsjechië | H10: =IF(AND(E10<>"",F10<>""),IF(E10>F10,"H",IF(E10<F10,"A","D")),"") -> A | J10: 0
A11: 3 | B11: 2026-06-18 | C11: A | D11: Tsjechië | E11: 2 | F11: 0 | G11: South Africa | H11: =IF(AND(E11<>"",F11<>""),IF(E11>F11,"H",IF(E11<F11,"A","D")),"") -> H
A12: 4 | B12: 2026-06-18 | C12: A | D12: Mexico | E12: 2 | F12: 1 | G12: South Korea | H12: =IF(AND(E12<>"",F12<>""),IF(E12>F12,"H",IF(E12<F12,"A","D")),"") -> H
A13: 5 | B13: 2026-06-24 | C13: A | D13: Tsjechië | E13: 1 | F13: 1 | G13: Mexico | H13: =IF(AND(E13<>"",F13<>""),IF(E13>F13,"H",IF(E13<F13,"A","D")),"") -> D
A14: 6 | B14: 2026-06-24 | C14: A | D14: South Africa | E14: 0 | F14: 1 | G14: South Korea | H14: =IF(AND(E14<>"",F14<>""),IF(E14>F14,"H",IF(E14<F14,"A","D")),"") -> A
A15: 7 | B15: 2026-06-12 | C15: B | D15: Canada | E15: 1 | F15: 1 | G15: Bosnië-Herzegovina | H15: =IF(AND(E15<>"",F15<>""),IF(E15>F15,"H",IF(E15<F15,"A","D")),"") -> D | J15: 3
A16: 8 | B16: 2026-06-13 | C16: B | D16: Qatar | E16: 0 | F16: 2 | G16: Switzerland | H16: =IF(AND(E16<>"",F16<>""),IF(E16>F16,"H",IF(E16<F16,"A","D")),"") -> A | J16: 0
A17: 9 | B17: 2026-06-18 | C17: B | D17: Switzerland | E17: 2 | F17: 0 | G17: Bosnië-Herzegovina | H17: =IF(AND(E17<>"",F17<>""),IF(E17>F17,"H",IF(E17<F17,"A","D")),"") -> H
A18: 10 | B18: 2026-06-18 | C18: B | D18: Canada | E18: 2 | F18: 0 | G18: Qatar | H18: =IF(AND(E18<>"",F18<>""),IF(E18>F18,"H",IF(E18<F18,"A","D")),"") -> H
A19: 11 | B19: 2026-06-24 | C19: B | D19: Switzerland | E19: 1 | F19: 1 | G19: Canada | H19: =IF(AND(E19<>"",F19<>""),IF(E19>F19,"H",IF(E19<F19,"A","D")),"") -> D
A20: 12 | B20: 2026-06-24 | C20: B | D20: Bosnië-Herzegovina | E20: 2 | F20: 0 | G20: Qatar | H20: =IF(AND(E20<>"",F20<>""),IF(E20>F20,"H",IF(E20<F20,"A","D")),"") -> H
A21: 13 | B21: 2026-06-13 | C21: C | D21: Brazil | E21: 3 | F21: 1 | G21: Morocco | H21: =IF(AND(E21<>"",F21<>""),IF(E21>F21,"H",IF(E21<F21,"A","D")),"") -> H | J21: 0
A22: 14 | B22: 2026-06-13 | C22: C | D22: Haiti | E22: 0 | F22: 3 | G22: Scotland | H22: =IF(AND(E22<>"",F22<>""),IF(E22>F22,"H",IF(E22<F22,"A","D")),"") -> A | J22: 1
A23: 15 | B23: 2026-06-19 | C23: C | D23: Scotland | E23: 1 | F23: 2 | G23: Morocco | H23: =IF(AND(E23<>"",F23<>""),IF(E23>F23,"H",IF(E23<F23,"A","D")),"") -> A
A24: 16 | B24: 2026-06-19 | C24: C | D24: Brazil | E24: 5 | F24: 0 | G24: Haiti | H24: =IF(AND(E24<>"",F24<>""),IF(E24>F24,"H",IF(E24<F24,"A","D")),"") -> H
A25: 17 | B25: 2026-06-24 | C25: C | D25: Scotland | E25: 0 | F25: 2 | G25: Brazil | H25: =IF(AND(E25<>"",F25<>""),IF(E25>F25,"H",IF(E25<F25,"A","D")),"") -> A
A26: 18 | B26: 2026-06-24 | C26: C | D26: Morocco | E26: 3 | F26: 0 | G26: Haiti | H26: =IF(AND(E26<>"",F26<>""),IF(E26>F26,"H",IF(E26<F26,"A","D")),"") -> H
A27: 19 | B27: 2026-06-12 | C27: D | D27: USA | E27: 1 | F27: 1 | G27: Paraguay | H27: =IF(AND(E27<>"",F27<>""),IF(E27>F27,"H",IF(E27<F27,"A","D")),"") -> D | J27: 0
A28: 20 | B28: 2026-06-13 | C28: D | D28: Australia | E28: 1 | F28: 1 | G28: Turkije | H28: =IF(AND(E28<>"",F28<>""),IF(E28>F28,"H",IF(E28<F28,"A","D")),"") -> D | J28: 0
A29: 21 | B29: 2026-06-19 | C29: D | D29: USA | E29: 2 | F29: 1 | G29: Australia | H29: =IF(AND(E29<>"",F29<>""),IF(E29>F29,"H",IF(E29<F29,"A","D")),"") -> H
A30: 22 | B30: 2026-06-19 | C30: D | D30: Turkije | E30: 2 | F30: 1 | G30: Paraguay | H30: =IF(AND(E30<>"",F30<>""),IF(E30>F30,"H",IF(E30<F30,"A","D")),"") -> H
A31: 23 | B31: 2026-06-25 | C31: D | D31: Turkije | E31: 1 | F31: 1 | G31: USA | H31: =IF(AND(E31<>"",F31<>""),IF(E31>F31,"H",IF(E31<F31,"A","D")),"") -> D
A32: 24 | B32: 2026-06-25 | C32: D | D32: Paraguay | E32: 1 | F32: 0 | G32: Australia | H32: =IF(AND(E32<>"",F32<>""),IF(E32>F32,"H",IF(E32<F32,"A","D")),"") -> H
A33: 25 | B33: 2026-06-14 | C33: E | D33: Germany | E33: 3 | F33: 0 | G33: Curaçao | H33: =IF(AND(E33<>"",F33<>""),IF(E33>F33,"H",IF(E33<F33,"A","D")),"") -> H | J33: 1
A34: 26 | B34: 2026-06-14 | C34: E | D34: Ivory Coast | E34: 1 | F34: 1 | G34: Ecuador | H34: =IF(AND(E34<>"",F34<>""),IF(E34>F34,"H",IF(E34<F34,"A","D")),"") -> D | J34: 0
A35: 27 | B35: 2026-06-20 | C35: E | D35: Germany | E35: 2 | F35: 0 | G35: Ivory Coast | H35: =IF(AND(E35<>"",F35<>""),IF(E35>F35,"H",IF(E35<F35,"A","D")),"") -> H
A36: 28 | B36: 2026-06-20 | C36: E | D36: Ecuador | E36: 2 | F36: 0 | G36: Curaçao | H36: =IF(AND(E36<>"",F36<>""),IF(E36>F36,"H",IF(E36<F36,"A","D")),"") -> H
A37: 29 | B37: 2026-06-25 | C37: E | D37: Ecuador | E37: 1 | F37: 1 | G37: Germany | H37: =IF(AND(E37<>"",F37<>""),IF(E37>F37,"H",IF(E37<F37,"A","D")),"") -> D
A38: 30 | B38: 2026-06-25 | C38: E | D38: Curaçao | E38: 0 | F38: 2 | G38: Ivory Coast | H38: =IF(AND(E38<>"",F38<>""),IF(E38>F38,"H",IF(E38<F38,"A","D")),"") -> A
A39: 31 | B39: 2026-06-14 | C39: F | D39: Netherlands | E39: 2 | F39: 1 | G39: Japan | H39: =IF(AND(E39<>"",F39<>""),IF(E39>F39,"H",IF(E39<F39,"A","D")),"") -> H | J39: 0
A40: 32 | B40: 2026-06-14 | C40: F | D40: Zweden | E40: 1 | F40: 0 | G40: Tunisia | H40: =IF(AND(E40<>"",F40<>""),IF(E40>F40,"H",IF(E40<F40,"A","D")),"") -> H | J40: 1
A41: 33 | B41: 2026-06-20 | C41: F | D41: Netherlands | E41: 1 | F41: 1 | G41: Zweden | H41: =IF(AND(E41<>"",F41<>""),IF(E41>F41,"H",IF(E41<F41,"A","D")),"") -> D
A42: 34 | B42: 2026-06-20 | C42: F | D42: Tunisia | E42: 0 | F42: 1 | G42: Japan | H42: =IF(AND(E42<>"",F42<>""),IF(E42>F42,"H",IF(E42<F42,"A","D")),"") -> A
A43: 35 | B43: 2026-06-25 | C43: F | D43: Japan | E43: 1 | F43: 1 | G43: Zweden | H43: =IF(AND(E43<>"",F43<>""),IF(E43>F43,"H",IF(E43<F43,"A","D")),"") -> D
A44: 36 | B44: 2026-06-25 | C44: F | D44: Tunisia | E44: 0 | F44: 2 | G44: Netherlands | H44: =IF(AND(E44<>"",F44<>""),IF(E44>F44,"H",IF(E44<F44,"A","D")),"") -> A
A45: 37 | B45: 2026-06-15 | C45: G | D45: Belgium | E45: 2 | F45: 1 | G45: Egypt | H45: =IF(AND(E45<>"",F45<>""),IF(E45>F45,"H",IF(E45<F45,"A","D")),"") -> H | J45: 0
A46: 38 | B46: 2026-06-15 | C46: G | D46: Iran | E46: 1 | F46: 0 | G46: New Zealand | H46: =IF(AND(E46<>"",F46<>""),IF(E46>F46,"H",IF(E46<F46,"A","D")),"") -> H | J46: 0
A47: 39 | B47: 2026-06-21 | C47: G | D47: Belgium | E47: 2 | F47: 0 | G47: Iran | H47: =IF(AND(E47<>"",F47<>""),IF(E47>F47,"H",IF(E47<F47,"A","D")),"") -> H
A48: 40 | B48: 2026-06-21 | C48: G | D48: New Zealand | E48: 1 | F48: 1 | G48: Egypt | H48: =IF(AND(E48<>"",F48<>""),IF(E48>F48,"H",IF(E48<F48,"A","D")),"") -> D
A49: 41 | B49: 2026-06-26 | C49: G | D49: Egypt | E49: 1 | F49: 1 | G49: Iran | H49: =IF(AND(E49<>"",F49<>""),IF(E49>F49,"H",IF(E49<F49,"A","D")),"") -> D
A50: 42 | B50: 2026-06-26 | C50: G | D50: New Zealand | E50: 0 | F50: 3 | G50: Belgium | H50: =IF(AND(E50<>"",F50<>""),IF(E50>F50,"H",IF(E50<F50,"A","D")),"") -> A
A51: 43 | B51: 2026-06-15 | C51: H | D51: Spain | E51: 3 | F51: 0 | G51: Cape Verde | H51: =IF(AND(E51<>"",F51<>""),IF(E51>F51,"H",IF(E51<F51,"A","D")),"") -> H | J51: 0
A52: 44 | B52: 2026-06-15 | C52: H | D52: Saudi Arabia | E52: 0 | F52: 2 | G52: Uruguay | H52: =IF(AND(E52<>"",F52<>""),IF(E52>F52,"H",IF(E52<F52,"A","D")),"") -> A | J52: 0
A53: 45 | B53: 2026-06-21 | C53: H | D53: Spain | E53: 3 | F53: 0 | G53: Saudi Arabia | H53: =IF(AND(E53<>"",F53<>""),IF(E53>F53,"H",IF(E53<F53,"A","D")),"") -> H
A54: 46 | B54: 2026-06-21 | C54: H | D54: Uruguay | E54: 2 | F54: 0 | G54: Cape Verde | H54: =IF(AND(E54<>"",F54<>""),IF(E54>F54,"H",IF(E54<F54,"A","D")),"") -> H
A55: 47 | B55: 2026-06-26 | C55: H | D55: Cape Verde | E55: 1 | F55: 1 | G55: Saudi Arabia | H55: =IF(AND(E55<>"",F55<>""),IF(E55>F55,"H",IF(E55<F55,"A","D")),"") -> D
A56: 48 | B56: 2026-06-26 | C56: H | D56: Uruguay | E56: 1 | F56: 2 | G56: Spain | H56: =IF(AND(E56<>"",F56<>""),IF(E56>F56,"H",IF(E56<F56,"A","D")),"") -> A
A57: 49 | B57: 2026-06-16 | C57: I | D57: France | E57: 2 | F57: 1 | G57: Senegal | H57: =IF(AND(E57<>"",F57<>""),IF(E57>F57,"H",IF(E57<F57,"A","D")),"") -> H | J57: 1
A58: 50 | B58: 2026-06-16 | C58: I | D58: Irak | E58: 0 | F58: 3 | G58: Norway | H58: =IF(AND(E58<>"",F58<>""),IF(E58>F58,"H",IF(E58<F58,"A","D")),"") -> A | J58: 1
A59: 51 | B59: 2026-06-22 | C59: I | D59: France | E59: 3 | F59: 0 | G59: Irak | H59: =IF(AND(E59<>"",F59<>""),IF(E59>F59,"H",IF(E59<F59,"A","D")),"") -> H
A60: 52 | B60: 2026-06-22 | C60: I | D60: Norway | E60: 2 | F60: 1 | G60: Senegal | H60: =IF(AND(E60<>"",F60<>""),IF(E60>F60,"H",IF(E60<F60,"A","D")),"") -> H
A61: 53 | B61: 2026-06-26 | C61: I | D61: Norway | E61: 1 | F61: 1 | G61: France | H61: =IF(AND(E61<>"",F61<>""),IF(E61>F61,"H",IF(E61<F61,"A","D")),"") -> D
A62: 54 | B62: 2026-06-26 | C62: I | D62: Senegal | E62: 2 | F62: 0 | G62: Irak | H62: =IF(AND(E62<>"",F62<>""),IF(E62>F62,"H",IF(E62<F62,"A","D")),"") -> H
A63: 55 | B63: 2026-06-16 | C63: J | D63: Argentina | E63: 2 | F63: 0 | G63: Algeria | H63: =IF(AND(E63<>"",F63<>""),IF(E63>F63,"H",IF(E63<F63,"A","D")),"") -> H | J63: 1
A64: 56 | B64: 2026-06-16 | C64: J | D64: Austria | E64: 2 | F64: 0 | G64: Jordan | H64: =IF(AND(E64<>"",F64<>""),IF(E64>F64,"H",IF(E64<F64,"A","D")),"") -> H | J64: 1
A65: 57 | B65: 2026-06-22 | C65: J | D65: Argentina | E65: 2 | F65: 1 | G65: Austria | H65: =IF(AND(E65<>"",F65<>""),IF(E65>F65,"H",IF(E65<F65,"A","D")),"") -> H
A66: 58 | B66: 2026-06-22 | C66: J | D66: Jordan | E66: 0 | F66: 1 | G66: Algeria | H66: =IF(AND(E66<>"",F66<>""),IF(E66>F66,"H",IF(E66<F66,"A","D")),"") -> A
A67: 59 | B67: 2026-06-27 | C67: J | D67: Algeria | E67: 1 | F67: 1 | G67: Austria | H67: =IF(AND(E67<>"",F67<>""),IF(E67>F67,"H",IF(E67<F67,"A","D")),"") -> D
A68: 60 | B68: 2026-06-27 | C68: J | D68: Jordan | E68: 0 | F68: 3 | G68: Argentina | H68: =IF(AND(E68<>"",F68<>""),IF(E68>F68,"H",IF(E68<F68,"A","D")),"") -> A | J68: 0
A69: 61 | B69: 2026-06-17 | C69: K | D69: Portugal | E69: 2 | F69: 0 | G69: DR Congo | H69: =IF(AND(E69<>"",F69<>""),IF(E69>F69,"H",IF(E69<F69,"A","D")),"") -> H | J69: 1
A70: 62 | B70: 2026-06-17 | C70: K | D70: Uzbekistan | E70: 0 | F70: 2 | G70: Colombia | H70: =IF(AND(E70<>"",F70<>""),IF(E70>F70,"H",IF(E70<F70,"A","D")),"") -> A
A71: 63 | B71: 2026-06-23 | C71: K | D71: Portugal | E71: 3 | F71: 0 | G71: Uzbekistan | H71: =IF(AND(E71<>"",F71<>""),IF(E71>F71,"H",IF(E71<F71,"A","D")),"") -> H
A72: 64 | B72: 2026-06-23 | C72: K | D72: Colombia | E72: 2 | F72: 0 | G72: DR Congo | H72: =IF(AND(E72<>"",F72<>""),IF(E72>F72,"H",IF(E72<F72,"A","D")),"") -> H
A73: 65 | B73: 2026-06-27 | C73: K | D73: Colombia | E73: 1 | F73: 2 | G73: Portugal | H73: =IF(AND(E73<>"",F73<>""),IF(E73>F73,"H",IF(E73<F73,"A","D")),"") -> A
A74: 66 | B74: 2026-06-27 | C74: K | D74: DR Congo | E74: 1 | F74: 1 | G74: Uzbekistan | H74: =IF(AND(E74<>"",F74<>""),IF(E74>F74,"H",IF(E74<F74,"A","D")),"") -> D
A75: 67 | B75: 2026-06-17 | C75: L | D75: England | E75: 2 | F75: 1 | G75: Croatia | H75: =IF(AND(E75<>"",F75<>""),IF(E75>F75,"H",IF(E75<F75,"A","D")),"") -> H | J75: 1
A76: 68 | B76: 2026-06-17 | C76: L | D76: Ghana | E76: 1 | F76: 1 | G76: Panama | H76: =IF(AND(E76<>"",F76<>""),IF(E76>F76,"H",IF(E76<F76,"A","D")),"") -> D | J76: 0
A77: 69 | B77: 2026-06-23 | C77: L | D77: England | E77: 2 | F77: 0 | G77: Ghana | H77: =IF(AND(E77<>"",F77<>""),IF(E77>F77,"H",IF(E77<F77,"A","D")),"") -> H
A78: 70 | B78: 2026-06-23 | C78: L | D78: Panama | E78: 0 | F78: 2 | G78: Croatia | H78: =IF(AND(E78<>"",F78<>""),IF(E78>F78,"H",IF(E78<F78,"A","D")),"") -> A
A79: 71 | B79: 2026-06-27 | C79: L | D79: Panama | E79: 0 | F79: 3 | G79: England | H79: =IF(AND(E79<>"",F79<>""),IF(E79>F79,"H",IF(E79<F79,"A","D")),"") -> A
A80: 72 | B80: 2026-06-27 | C80: L | D80: Croatia | E80: 3 | F80: 1 | G80: Ghana | H80: =IF(AND(E80<>"",F80<>""),IF(E80>F80,"H",IF(E80<F80,"A","D")),"") -> H
J82: =SUM(J8:J80) -> 15

Sheet Knock-out PP 
A8: Teams laatste 32 | D8: Teams laatste 16 | G8: Teams laatste 8 | J8: Teams laatste 4 | M8: Teams Finale | P8: Winnaar
A10: 1 | B10: Mexico | D10: 1 | E10: Spain | G10: 1 | H10: Spain | J10: 1 | K10: Spain | M10: 1 | N10: Spain | P10: 1 | Q10: Spain
A11: =A10+1 -> 2 | B11: Tsjechië | D11: =D10+1 -> 2 | E11: France | G11: =G10+1 -> 2 | H11: France | J11: =J10+1 -> 2 | K11: France | M11: =M10+1 -> 2 | N11: France
A12: =A11+1 -> 3 | B12: Switzerland | D12: =D11+1 -> 3 | E12: England | G12: =G11+1 -> 3 | H12: England | J12: =J11+1 -> 3 | K12: England
A13: =A12+1 -> 4 | B13: Canada | D13: =D12+1 -> 4 | E13: Argentina | G13: =G12+1 -> 4 | H13: Argentina | J13: =J12+1 -> 4 | K13: Argentina
A14: =A13+1 -> 5 | B14: Brazil | D14: =D13+1 -> 5 | E14: Portugal | G14: =G13+1 -> 5 | H14: Portugal
A15: =A14+1 -> 6 | B15: Morocco | D15: =D14+1 -> 6 | E15: Brazil | G15: =G14+1 -> 6 | H15: Brazil
A16: =A15+1 -> 7 | B16: USA | D16: =D15+1 -> 7 | E16: Germany | G16: =G15+1 -> 7 | H16: Germany
A17: =A16+1 -> 8 | B17: Turkije | D17: =D16+1 -> 8 | E17: Netherlands | G17: =G16+1 -> 8 | H17: Netherlands
A18: =A17+1 -> 9 | B18: Germany | D18: =D17+1 -> 9 | E18: Belgium
A19: =A18+1 -> 10 | B19: Ecuador | D19: =D18+1 -> 10 | E19: Colombia
A20: =A19+1 -> 11 | B20: Netherlands | D20: =D19+1 -> 11 | E20: Morocco | H20: Bonus Vragen:
A21: =A20+1 -> 12 | B21: Zweden | D21: =D20+1 -> 12 | E21: Norway
A22: =A21+1 -> 13 | B22: Belgium | D22: =D21+1 -> 13 | E22: Uruguay | H22: 1. Topscoorder toernooi | K22: Kylian Mbappé
A23: =A22+1 -> 14 | B23: Iran | D23: =D22+1 -> 14 | E23: Mexico | H23: 2. Land met 1e rode kaart | K23: South Africa
A24: =A23+1 -> 15 | B24: Spain | D24: =D23+1 -> 15 | E24: Switzerland | H24: 3. Beste speler toernooi | K24: Lamine Yamal
A25: =A24+1 -> 16 | B25: Uruguay | D25: =D24+1 -> 16 | E25: Ecuador
A26: =A25+1 -> 17 | B26: France | H26: Totaal aantal doelpunten | K26: 284
A27: =A26+1 -> 18 | B27: Norway | H27: (bij gelijke stand)
A28: =A27+1 -> 19 | B28: Argentina
A29: =A28+1 -> 20 | B29: Austria
A30: =A29+1 -> 21 | B30: Portugal
A31: =A30+1 -> 22 | B31: Colombia
A32: =A31+1 -> 23 | B32: England
A33: =A32+1 -> 24 | B33: Croatia
A34: =A33+1 -> 25 | B34: South Korea
A35: =A34+1 -> 26 | B35: Bosnië-Herzegovina
A36: =A35+1 -> 27 | B36: Paraguay
A37: =A36+1 -> 28 | B37: Ivory Coast
A38: =A37+1 -> 29 | B38: Japan
A39: =A38+1 -> 30 | B39: Algeria
... A41: =A40+1 -> 32 | B41: Scotland

Sheet Groepsfase Gies
J6: Punten
A8: Nr | B8: Datum | C8: Groep | D8: Thuis | E8: T | F8: U | G8: Uit | H8: Res
A9: 1 | B9: 2026-06-11 | C9: A | D9: Mexico | E9: 2 | F9: 0 | G9: South Africa | H9: =IF(AND(E9<>"",F9<>""),IF(E9>F9,"H",IF(E9<F9,"A","D")),"") -> H | J9: 3
A10: 2 | B10: 2026-06-11 | C10: A | D10: South Korea | E10: 1 | F10: 1 | G10: Tsjechië | H10: =IF(AND(E10<>"",F10<>""),IF(E10>F10,"H",IF(E10<F10,"A","D")),"") -> D | J10: 0
A11: 3 | B11: 2026-06-18 | C11: A | D11: Tsjechië | E11: 1 | F11: 0 | G11: South Africa | H11: =IF(AND(E11<>"",F11<>""),IF(E11>F11,"H",IF(E11<F11,"A","D")),"") -> H
A12: 4 | B12: 2026-06-18 | C12: A | D12: Mexico | E12: 1 | F12: 1 | G12: South Korea | H12: =IF(AND(E12<>"",F12<>""),IF(E12>F12,"H",IF(E12<F12,"A","D")),"") -> D
A13: 5 | B13: 2026-06-24 | C13: A | D13: Tsjechië | E13: 0 | F13: 1 | G13: Mexico | H13: =IF(AND(E13<>"",F13<>""),IF(E13>F13,"H",IF(E13<F13,"A","D")),"") -> A
A14: 6 | B14: 2026-06-24 | C14: A | D14: South Africa | E14: 0 | F14: 0 | G14: South Korea | H14: =IF(AND(E14<>"",F14<>""),IF(E14>F14,"H",IF(E14<F14,"A","D")),"") -> D
A15: 7 | B15: 2026-06-12 | C15: B | D15: Canada | E15: 0 | F15: 1 | G15: Bosnië-Herzegovina | H15: =IF(AND(E15<>"",F15<>""),IF(E15>F15,"H",IF(E15<F15,"A","D")),"") -> A | J15: 0
A16: 8 | B16: 2026-06-13 | C16: B | D16: Qatar | E16: 0 | F16: 3 | G16: Switzerland | H16: =IF(AND(E16<>"",F16<>""),IF(E16>F16,"H",IF(E16<F16,"A","D")),"") -> A | J16: 0
A17: 9 | B17: 2026-06-18 | C17: B | D17: Switzerland | E17: 1 | F17: 1 | G17: Bosnië-Herzegovina | H17: =IF(AND(E17<>"",F17<>""),IF(E17>F17,"H",IF(E17<F17,"A","D")),"") -> D
A18: 10 | B18: 2026-06-18 | C18: B | D18: Canada | E18: 1 | F18: 0 | G18: Qatar | H18: =IF(AND(E18<>"",F18<>""),IF(E18>F18,"H",IF(E18<F18,"A","D")),"") -> H
A19: 11 | B19: 2026-06-24 | C19: B | D19: Switzerland | E19: 2 | F19: 0 | G19: Canada | H19: =IF(AND(E19<>"",F19<>""),IF(E19>F19,"H",IF(E19<F19,"A","D")),"") -> H
A20: 12 | B20: 2026-06-24 | C20: B | D20: Bosnië-Herzegovina | E20: 3 | F20: 0 | G20: Qatar | H20: =IF(AND(E20<>"",F20<>""),IF(E20>F20,"H",IF(E20<F20,"A","D")),"") -> H
A21: 13 | B21: 2026-06-13 | C21: C | D21: Brazil | E21: 1 | F21: 1 | G21: Morocco | H21: =IF(AND(E21<>"",F21<>""),IF(E21>F21,"H",IF(E21<F21,"A","D")),"") -> D | J21: 3
A22: 14 | B22: 2026-06-13 | C22: C | D22: Haiti | E22: 0 | F22: 2 | G22: Scotland | H22: =IF(AND(E22<>"",F22<>""),IF(E22>F22,"H",IF(E22<F22,"A","D")),"") -> A | J22: 1
A23: 15 | B23: 2026-06-19 | C23: C | D23: Scotland | E23: 1 | F23: 2 | G23: Morocco | H23: =IF(AND(E23<>"",F23<>""),IF(E23>F23,"H",IF(E23<F23,"A","D")),"") -> A
A24: 16 | B24: 2026-06-19 | C24: C | D24: Brazil | E24: 4 | F24: 0 | G24: Haiti | H24: =IF(AND(E24<>"",F24<>""),IF(E24>F24,"H",IF(E24<F24,"A","D")),"") -> H
A25: 17 | B25: 2026-06-24 | C25: C | D25: Scotland | E25: 0 | F25: 2 | G25: Brazil | H25: =IF(AND(E25<>"",F25<>""),IF(E25>F25,"H",IF(E25<F25,"A","D")),"") -> A
A26: 18 | B26: 2026-06-24 | C26: C | D26: Morocco | E26: 2 | F26: 0 | G26: Haiti | H26: =IF(AND(E26<>"",F26<>""),IF(E26>F26,"H",IF(E26<F26,"A","D")),"") -> H
A27: 19 | B27: 2026-06-12 | C27: D | D27: USA | E27: 2 | F27: 1 | G27: Paraguay | H27: =IF(AND(E27<>"",F27<>""),IF(E27>F27,"H",IF(E27<F27,"A","D")),"") -> H | J27: 1
A28: 20 | B28: 2026-06-13 | C28: D | D28: Australia | E28: 1 | F28: 1 | G28: Turkije | H28: =IF(AND(E28<>"",F28<>""),IF(E28>F28,"H",IF(E28<F28,"A","D")),"") -> D | J28: 0
A29: 21 | B29: 2026-06-19 | C29: D | D29: USA | E29: 1 | F29: 0 | G29: Australia | H29: =IF(AND(E29<>"",F29<>""),IF(E29>F29,"H",IF(E29<F29,"A","D")),"") -> H
A30: 22 | B30: 2026-06-19 | C30: D | D30: Turkije | E30: 2 | F30: 1 | G30: Paraguay | H30: =IF(AND(E30<>"",F30<>""),IF(E30>F30,"H",IF(E30<F30,"A","D")),"") -> H
A31: 23 | B31: 2026-06-25 | C31: D | D31: Turkije | E31: 1 | F31: 1 | G31: USA | H31: =IF(AND(E31<>"",F31<>""),IF(E31>F31,"H",IF(E31<F31,"A","D")),"") -> D
A32: 24 | B32: 2026-06-25 | C32: D | D32: Paraguay | E32: 1 | F32: 1 | G32: Australia | H32: =IF(AND(E32<>"",F32<>""),IF(E32>F32,"H",IF(E32<F32,"A","D")),"") -> D
A33: 25 | B33: 2026-06-14 | C33: E | D33: Germany | E33: 4 | F33: 0 | G33: Curaçao | H33: =IF(AND(E33<>"",F33<>""),IF(E33>F33,"H",IF(E33<F33,"A","D")),"") -> H | J33: 1
A34: 26 | B34: 2026-06-14 | C34: E | D34: Ivory Coast | E34: 1 | F34: 0 | G34: Ecuador | H34: =IF(AND(E34<>"",F34<>""),IF(E34>F34,"H",IF(E34<F34,"A","D")),"") -> H | J34: 3
A35: 27 | B35: 2026-06-20 | C35: E | D35: Germany | E35: 2 | F35: 0 | G35: Ivory Coast | H35: =IF(AND(E35<>"",F35<>""),IF(E35>F35,"H",IF(E35<F35,"A","D")),"") -> H
A36: 28 | B36: 2026-06-20 | C36: E | D36: Ecuador | E36: 2 | F36: 0 | G36: Curaçao | H36: =IF(AND(E36<>"",F36<>""),IF(E36>F36,"H",IF(E36<F36,"A","D")),"") -> H
A37: 29 | B37: 2026-06-25 | C37: E | D37: Ecuador | E37: 1 | F37: 2 | G37: Germany | H37: =IF(AND(E37<>"",F37<>""),IF(E37>F37,"H",IF(E37<F37,"A","D")),"") -> A
A38: 30 | B38: 2026-06-25 | C38: E | D38: Curaçao | E38: 1 | F38: 1 | G38: Ivory Coast | H38: =IF(AND(E38<>"",F38<>""),IF(E38>F38,"H",IF(E38<F38,"A","D")),"") -> D
A39: 31 | B39: 2026-06-14 | C39: F | D39: Netherlands | E39: 1 | F39: 1 | G39: Japan | H39: =IF(AND(E39<>"",F39<>""),IF(E39>F39,"H",IF(E39<F39,"A","D")),"") -> D | J39: 1
A40: 32 | B40: 2026-06-14 | C40: F | D40: Zweden | E40: 1 | F40: 1 | G40: Tunisia | H40: =IF(AND(E40<>"",F40<>""),IF(E40>F40,"H",IF(E40<F40,"A","D")),"") -> D | J40: 0
A41: 33 | B41: 2026-06-20 | C41: F | D41: Netherlands | E41: 1 | F41: 1 | G41: Zweden | H41: =IF(AND(E41<>"",F41<>""),IF(E41>F41,"H",IF(E41<F41,"A","D")),"") -> D
A42: 34 | B42: 2026-06-20 | C42: F | D42: Tunisia | E42: 1 | F42: 2 | G42: Japan | H42: =IF(AND(E42<>"",F42<>""),IF(E42>F42,"H",IF(E42<F42,"A","D")),"") -> A
A43: 35 | B43: 2026-06-25 | C43: F | D43: Japan | E43: 1 | F43: 1 | G43: Zweden | H43: =IF(AND(E43<>"",F43<>""),IF(E43>F43,"H",IF(E43<F43,"A","D")),"") -> D
A44: 36 | B44: 2026-06-25 | C44: F | D44: Tunisia | E44: 0 | F44: 2 | G44: Netherlands | H44: =IF(AND(E44<>"",F44<>""),IF(E44>F44,"H",IF(E44<F44,"A","D")),"") -> A
A45: 37 | B45: 2026-06-15 | C45: G | D45: Belgium | E45: 2 | F45: 1 | G45: Egypt | H45: =IF(AND(E45<>"",F45<>""),IF(E45>F45,"H",IF(E45<F45,"A","D")),"") -> H | J45: 0
A46: 38 | B46: 2026-06-15 | C46: G | D46: Iran | E46: 1 | F46: 0 | G46: New Zealand | H46: =IF(AND(E46<>"",F46<>""),IF(E46>F46,"H",IF(E46<F46,"A","D")),"") -> H | J46: 0
A47: 39 | B47: 2026-06-21 | C47: G | D47: Belgium | E47: 2 | F47: 0 | G47: Iran | H47: =IF(AND(E47<>"",F47<>""),IF(E47>F47,"H",IF(E47<F47,"A","D")),"") -> H
A48: 40 | B48: 2026-06-21 | C48: G | D48: New Zealand | E48: 1 | F48: 1 | G48: Egypt | H48: =IF(AND(E48<>"",F48<>""),IF(E48>F48,"H",IF(E48<F48,"A","D")),"") -> D
A49: 41 | B49: 2026-06-26 | C49: G | D49: Egypt | E49: 1 | F49: 0 | G49: Iran | H49: =IF(AND(E49<>"",F49<>""),IF(E49>F49,"H",IF(E49<F49,"A","D")),"") -> H
A50: 42 | B50: 2026-06-26 | C50: G | D50: New Zealand | E50: 1 | F50: 3 | G50: Belgium | H50: =IF(AND(E50<>"",F50<>""),IF(E50>F50,"H",IF(E50<F50,"A","D")),"") -> A
A51: 43 | B51: 2026-06-15 | C51: H | D51: Spain | E51: 3 | F51: 0 | G51: Cape Verde | H51: =IF(AND(E51<>"",F51<>""),IF(E51>F51,"H",IF(E51<F51,"A","D")),"") -> H | J51: 0
A52: 44 | B52: 2026-06-15 | C52: H | D52: Saudi Arabia | E52: 1 | F52: 2 | G52: Uruguay | H52: =IF(AND(E52<>"",F52<>""),IF(E52>F52,"H",IF(E52<F52,"A","D")),"") -> A | J52: 0
A53: 45 | B53: 2026-06-21 | C53: H | D53: Spain | E53: 2 | F53: 0 | G53: Saudi Arabia | H53: =IF(AND(E53<>"",F53<>""),IF(E53>F53,"H",IF(E53<F53,"A","D")),"") -> H
A54: 46 | B54: 2026-06-21 | C54: H | D54: Uruguay | E54: 3 | F54: 1 | G54: Cape Verde | H54: =IF(AND(E54<>"",F54<>""),IF(E54>F54,"H",IF(E54<F54,"A","D")),"") -> H
A55: 47 | B55: 2026-06-26 | C55: H | D55: Cape Verde | E55: 1 | F55: 1 | G55: Saudi Arabia | H55: =IF(AND(E55<>"",F55<>""),IF(E55>F55,"H",IF(E55<F55,"A","D")),"") -> D
A56: 48 | B56: 2026-06-26 | C56: H | D56: Uruguay | E56: 0 | F56: 1 | G56: Spain | H56: =IF(AND(E56<>"",F56<>""),IF(E56>F56,"H",IF(E56<F56,"A","D")),"") -> A
A57: 49 | B57: 2026-06-16 | C57: I | D57: France | E57: 1 | F57: 1 | G57: Senegal | H57: =IF(AND(E57<>"",F57<>""),IF(E57>F57,"H",IF(E57<F57,"A","D")),"") -> D | J57: 0
A58: 50 | B58: 2026-06-16 | C58: I | D58: Irak | E58: 0 | F58: 1 | G58: Norway | H58: =IF(AND(E58<>"",F58<>""),IF(E58>F58,"H",IF(E58<F58,"A","D")),"") -> A | J58: 1
A59: 51 | B59: 2026-06-22 | C59: I | D59: France | E59: 2 | F59: 0 | G59: Irak | H59: =IF(AND(E59<>"",F59<>""),IF(E59>F59,"H",IF(E59<F59,"A","D")),"") -> H
A60: 52 | B60: 2026-06-22 | C60: I | D60: Norway | E60: 1 | F60: 1 | G60: Senegal | H60: =IF(AND(E60<>"",F60<>""),IF(E60>F60,"H",IF(E60<F60,"A","D")),"") -> D
A61: 53 | B61: 2026-06-26 | C61: I | D61: Norway | E61: 1 | F61: 3 | G61: France | H61: =IF(AND(E61<>"",F61<>""),IF(E61>F61,"H",IF(E61<F61,"A","D")),"") -> A
A62: 54 | B62: 2026-06-26 | C62: I | D62: Senegal | E62: 1 | F62: 0 | G62: Irak | H62: =IF(AND(E62<>"",F62<>""),IF(E62>F62,"H",IF(E62<F62,"A","D")),"") -> H
A63: 55 | B63: 2026-06-16 | C63: J | D63: Argentina | E63: 2 | F63: 0 | G63: Algeria | H63: =IF(AND(E63<>"",F63<>""),IF(E63>F63,"H",IF(E63<F63,"A","D")),"") -> H | J63: 1
A64: 56 | B64: 2026-06-16 | C64: J | D64: Austria | E64: 2 | F64: 0 | G64: Jordan | H64: =IF(AND(E64<>"",F64<>""),IF(E64>F64,"H",IF(E64<F64,"A","D")),"") -> H | J64: 1
A65: 57 | B65: 2026-06-22 | C65: J | D65: Argentina | E65: 2 | F65: 0 | G65: Austria | H65: =IF(AND(E65<>"",F65<>""),IF(E65>F65,"H",IF(E65<F65,"A","D")),"") -> H
A66: 58 | B66: 2026-06-22 | C66: J | D66: Jordan | E66: 0 | F66: 1 | G66: Algeria | H66: =IF(AND(E66<>"",F66<>""),IF(E66>F66,"H",IF(E66<F66,"A","D")),"") -> A
A67: 59 | B67: 2026-06-27 | C67: J | D67: Algeria | E67: 1 | F67: 1 | G67: Austria | H67: =IF(AND(E67<>"",F67<>""),IF(E67>F67,"H",IF(E67<F67,"A","D")),"") -> D
A68: 60 | B68: 2026-06-27 | C68: J | D68: Jordan | E68: 0 | F68: 2 | G68: Argentina | H68: =IF(AND(E68<>"",F68<>""),IF(E68>F68,"H",IF(E68<F68,"A","D")),"") -> A
A69: 61 | B69: 2026-06-17 | C69: K | D69: Portugal | E69: 2 | F69: 1 | G69: DR Congo | H69: =IF(AND(E69<>"",F69<>""),IF(E69>F69,"H",IF(E69<F69,"A","D")),"") -> H | J69: 0
A70: 62 | B70: 2026-06-17 | C70: K | D70: Uzbekistan | E70: 0 | F70: 1 | G70: Colombia | H70: =IF(AND(E70<>"",F70<>""),IF(E70>F70,"H",IF(E70<F70,"A","D")),"") -> A | J70: 1
A71: 63 | B71: 2026-06-23 | C71: K | D71: Portugal | E71: 3 | F71: 1 | G71: Uzbekistan | H71: =IF(AND(E71<>"",F71<>""),IF(E71>F71,"H",IF(E71<F71,"A","D")),"") -> H
A72: 64 | B72: 2026-06-23 | C72: K | D72: Colombia | E72: 1 | F72: 1 | G72: DR Congo | H72: =IF(AND(E72<>"",F72<>""),IF(E72>F72,"H",IF(E72<F72,"A","D")),"") -> D
A73: 65 | B73: 2026-06-27 | C73: K | D73: Colombia | E73: 0 | F73: 1 | G73: Portugal | H73: =IF(AND(E73<>"",F73<>""),IF(E73>F73,"H",IF(E73<F73,"A","D")),"") -> A
A74: 66 | B74: 2026-06-27 | C74: K | D74: DR Congo | E74: 1 | F74: 0 | G74: Uzbekistan | H74: =IF(AND(E74<>"",F74<>""),IF(E74>F74,"H",IF(E74<F74,"A","D")),"") -> H
A75: 67 | B75: 2026-06-17 | C75: L | D75: England | E75: 1 | F75: 1 | G75: Croatia | H75: =IF(AND(E75<>"",F75<>""),IF(E75>F75,"H",IF(E75<F75,"A","D")),"") -> D | J75: 0
A76: 68 | B76: 2026-06-17 | C76: L | D76: Ghana | E76: 2 | F76: 0 | G76: Panama | H76: =IF(AND(E76<>"",F76<>""),IF(E76>F76,"H",IF(E76<F76,"A","D")),"") -> H | J76: 1
A77: 69 | B77: 2026-06-23 | C77: L | D77: England | E77: 2 | F77: 0 | G77: Ghana | H77: =IF(AND(E77<>"",F77<>""),IF(E77>F77,"H",IF(E77<F77,"A","D")),"") -> H
A78: 70 | B78: 2026-06-23 | C78: L | D78: Panama | E78: 0 | F78: 4 | G78: Croatia | H78: =IF(AND(E78<>"",F78<>""),IF(E78>F78,"H",IF(E78<F78,"A","D")),"") -> A
A79: 71 | B79: 2026-06-27 | C79: L | D79: Panama | E79: 0 | F79: 2 | G79: England | H79: =IF(AND(E79<>"",F79<>""),IF(E79>F79,"H",IF(E79<F79,"A","D")),"") -> A
A80: 72 | B80: 2026-06-27 | C80: L | D80: Croatia | E80: 1 | F80: 0 | G80: Ghana | H80: =IF(AND(E80<>"",F80<>""),IF(E80>F80,"H",IF(E80<F80,"A","D")),"") -> H
J82: =SUM(J8:J80) -> 18

Sheet Knock-out Gies 
A8: Teams laatste 32 | D8: Teams laatste 16 | G8: Teams laatste 8 | J8: Teams laatste 4 | M8: Teams Finale | P8: Winnaar
A10: 1 | B10: Mexico | D10: 1 | E10: Marokko | G10: 1 | H10: Duitsland | J10: 1 | K10: Spanje | M10: 1 | N10: Frankrijk | P10: 1 | Q10: Frankrijk
A11: =A10+1 -> 2 | B11: Tsjechie | D11: =D10+1 -> 2 | E11: Duitsland | G11: =G10+1 -> 2 | H11: Spanje | J11: =J10+1 -> 2 | K11: Frankrijk | M11: =M10+1 -> 2 | N11: Brazilie
A12: =A11+1 -> 3 | B12: Zwitserland | D12: =D11+1 -> 3 | E12: Nederland | G12: =G11+1 -> 3 | H12: Frankrijk | J12: =J11+1 -> 3 | K12: Portugal
A13: =A12+1 -> 4 | B13: Bosnië-H | D13: =D12+1 -> 4 | E13: Belgie | G13: =G12+1 -> 4 | H13: Argentinie | J13: =J12+1 -> 4 | K13: Brazilie
A14: =A13+1 -> 5 | B14: Marokko | D14: =D13+1 -> 5 | E14: Spanje | G14: =G13+1 -> 5 | H14: Portugal
A15: =A14+1 -> 6 | B15: USA | D15: =D14+1 -> 6 | E15: Frankrijk | G15: =G14+1 -> 6 | H15: Engeland
A16: =A15+1 -> 7 | B16: Turkije | D16: =D15+1 -> 7 | E16: Argentinie | G16: =G15+1 -> 7 | H16: Brazilie
A17: =A16+1 -> 8 | B17: Duitsland | D17: =D16+1 -> 8 | E17: Portugal | G17: =G16+1 -> 8 | H17: marokko
A18: =A17+1 -> 9 | B18: Ivoorkust | D18: =D17+1 -> 9 | E18: Kroatie
A19: =A18+1 -> 10 | B19: Nederland | D19: =D18+1 -> 10 | E19: Engeland
A20: =A19+1 -> 11 | B20: Japan | D20: =D19+1 -> 11 | E20: Brazilie | H20: Bonus Vragen:
A21: =A20+1 -> 12 | B21: Belgie | D21: =D20+1 -> 12 | E21: USA
A22: =A21+1 -> 13 | B22: Egypte | D22: =D21+1 -> 13 | E22: Uruguay | H22: 1. Topscoorder toernooi | K22: Oliseh
A23: =A22+1 -> 14 | B23: Spanje | D23: =D22+1 -> 14 | E23: Senegal | H23: 2. Land met 1e rode kaart | K23: Paraguay
A24: =A23+1 -> 15 | B24: Uruguay | D24: =D23+1 -> 15 | E24: Noorwegen | H24: 3. Beste speler toernooi | K24: Oliseh
A25: =A24+1 -> 16 | B25: Frankrijk | D25: =D24+1 -> 16 | E25: Zweden
A26: =A25+1 -> 17 | B26: Senegal | H26: Totaal aantal doelpunten | K26: 344
A27: =A26+1 -> 18 | B27: Argentinie | H27: (bij gelijke stand)
A28: =A27+1 -> 19 | B28: Oostenrijk
A29: =A28+1 -> 20 | B29: Portugal
A30: =A29+1 -> 21 | B30: DR Congo
A31: =A30+1 -> 22 | B31: Kroatie
A32: =A31+1 -> 23 | B32: Engeland
A33: =A32+1 -> 24 | B33: Colombia
A34: =A33+1 -> 25 | B34: Noorwegen
A35: =A34+1 -> 26 | B35: Algerije
A36: =A35+1 -> 27 | B36: Ecuador
A37: =A36+1 -> 28 | B37: Zweden
A38: =A37+1 -> 29 | B38: Zuid-Korea
A39: =A38+1 -> 30 | B39: Schotland
... A41: =A40+1 -> 32 | B41: Brazilie

Sheet Groepsfase Guusje
J6: Punten
A8: Nr | B8: Datum | C8: Groep | D8: Thuis | E8: T | F8: U | G8: Uit | H8: Res
A9: 1 | B9: 2026-06-11 | C9: A | D9: Mexico | E9: 3 | F9: 0 | G9: South Africa | H9: =IF(AND(E9<>"",F9<>""),IF(E9>F9,"H",IF(E9<F9,"A","D")),"") -> H | J9: 1
A10: 2 | B10: 2026-06-11 | C10: A | D10: South Korea | E10: 1 | F10: 1 | G10: Tsjechië | H10: =IF(AND(E10<>"",F10<>""),IF(E10>F10,"H",IF(E10<F10,"A","D")),"") -> D | J10: 0
A11: 3 | B11: 2026-06-18 | C11: A | D11: Tsjechië | E11: 1 | F11: 2 | G11: South Africa | H11: =IF(AND(E11<>"",F11<>""),IF(E11>F11,"H",IF(E11<F11,"A","D")),"") -> A
A12: 4 | B12: 2026-06-18 | C12: A | D12: Mexico | E12: 4 | F12: 0 | G12: South Korea | H12: =IF(AND(E12<>"",F12<>""),IF(E12>F12,"H",IF(E12<F12,"A","D")),"") -> H
A13: 5 | B13: 2026-06-24 | C13: A | D13: Tsjechië | E13: 1 | F13: 2 | G13: Mexico | H13: =IF(AND(E13<>"",F13<>""),IF(E13>F13,"H",IF(E13<F13,"A","D")),"") -> A
A14: 6 | B14: 2026-06-24 | C14: A | D14: South Africa | E14: 0 | F14: 0 | G14: South Korea | H14: =IF(AND(E14<>"",F14<>""),IF(E14>F14,"H",IF(E14<F14,"A","D")),"") -> D
A15: 7 | B15: 2026-06-12 | C15: B | D15: Canada | E15: 2 | F15: 0 | G15: Bosnië-Herzegovina | H15: =IF(AND(E15<>"",F15<>""),IF(E15>F15,"H",IF(E15<F15,"A","D")),"") -> H | J15: 0
A16: 8 | B16: 2026-06-13 | C16: B | D16: Qatar | E16: 0 | F16: 2 | G16: Switzerland | H16: =IF(AND(E16<>"",F16<>""),IF(E16>F16,"H",IF(E16<F16,"A","D")),"") -> A | J16: 0
A17: 9 | B17: 2026-06-18 | C17: B | D17: Switzerland | E17: 3 | F17: 1 | G17: Bosnië-Herzegovina | H17: =IF(AND(E17<>"",F17<>""),IF(E17>F17,"H",IF(E17<F17,"A","D")),"") -> H
A18: 10 | B18: 2026-06-18 | C18: B | D18: Canada | E18: 1 | F18: 0 | G18: Qatar | H18: =IF(AND(E18<>"",F18<>""),IF(E18>F18,"H",IF(E18<F18,"A","D")),"") -> H
A19: 11 | B19: 2026-06-24 | C19: B | D19: Switzerland | E19: 1 | F19: 1 | G19: Canada | H19: =IF(AND(E19<>"",F19<>""),IF(E19>F19,"H",IF(E19<F19,"A","D")),"") -> D
A20: 12 | B20: 2026-06-24 | C20: B | D20: Bosnië-Herzegovina | E20: 2 | F20: 1 | G20: Qatar | H20: =IF(AND(E20<>"",F20<>""),IF(E20>F20,"H",IF(E20<F20,"A","D")),"") -> H
A21: 13 | B21: 2026-06-13 | C21: C | D21: Brazil | E21: 2 | F21: 2 | G21: Morocco | H21: =IF(AND(E21<>"",F21<>""),IF(E21>F21,"H",IF(E21<F21,"A","D")),"") -> D | J21: 1
A22: 14 | B22: 2026-06-13 | C22: C | D22: Haiti | E22: 0 | F22: 2 | G22: Scotland | H22: =IF(AND(E22<>"",F22<>""),IF(E22>F22,"H",IF(E22<F22,"A","D")),"") -> A | J22: 1
A23: 15 | B23: 2026-06-19 | C23: C | D23: Scotland | E23: 0 | F23: 0 | G23: Morocco | H23: =IF(AND(E23<>"",F23<>""),IF(E23>F23,"H",IF(E23<F23,"A","D")),"") -> D
A24: 16 | B24: 2026-06-19 | C24: C | D24: Brazil | E24: 4 | F24: 0 | G24: Haiti | H24: =IF(AND(E24<>"",F24<>""),IF(E24>F24,"H",IF(E24<F24,"A","D")),"") -> H
A25: 17 | B25: 2026-06-24 | C25: C | D25: Scotland | E25: 1 | F25: 2 | G25: Brazil | H25: =IF(AND(E25<>"",F25<>""),IF(E25>F25,"H",IF(E25<F25,"A","D")),"") -> A
A26: 18 | B26: 2026-06-24 | C26: C | D26: Morocco | E26: 1 | F26: 0 | G26: Haiti | H26: =IF(AND(E26<>"",F26<>""),IF(E26>F26,"H",IF(E26<F26,"A","D")),"") -> H
A27: 19 | B27: 2026-06-12 | C27: D | D27: USA | E27: 2 | F27: 2 | G27: Paraguay | H27: =IF(AND(E27<>"",F27<>""),IF(E27>F27,"H",IF(E27<F27,"A","D")),"") -> D | J27: 0
A28: 20 | B28: 2026-06-13 | C28: D | D28: Australia | E28: 0 | F28: 1 | G28: Turkije | H28: =IF(AND(E28<>"",F28<>""),IF(E28>F28,"H",IF(E28<F28,"A","D")),"") -> A | J28: 0
A29: 21 | B29: 2026-06-19 | C29: D | D29: USA | E29: 1 | F29: 0 | G29: Australia | H29: =IF(AND(E29<>"",F29<>""),IF(E29>F29,"H",IF(E29<F29,"A","D")),"") -> H
A30: 22 | B30: 2026-06-19 | C30: D | D30: Turkije | E30: 1 | F30: 0 | G30: Paraguay | H30: =IF(AND(E30<>"",F30<>""),IF(E30>F30,"H",IF(E30<F30,"A","D")),"") -> H
A31: 23 | B31: 2026-06-25 | C31: D | D31: Turkije | E31: 1 | F31: 1 | G31: USA | H31: =IF(AND(E31<>"",F31<>""),IF(E31>F31,"H",IF(E31<F31,"A","D")),"") -> D
A32: 24 | B32: 2026-06-25 | C32: D | D32: Paraguay | E32: 0 | F32: 1 | G32: Australia | H32: =IF(AND(E32<>"",F32<>""),IF(E32>F32,"H",IF(E32<F32,"A","D")),"") -> A
A33: 25 | B33: 2026-06-14 | C33: E | D33: Germany | E33: 3 | F33: 0 | G33: Curaçao | H33: =IF(AND(E33<>"",F33<>""),IF(E33>F33,"H",IF(E33<F33,"A","D")),"") -> H | J33: 1
A34: 26 | B34: 2026-06-14 | C34: E | D34: Ivory Coast | E34: 0 | F34: 0 | G34: Ecuador | H34: =IF(AND(E34<>"",F34<>""),IF(E34>F34,"H",IF(E34<F34,"A","D")),"") -> D | J34: 0
A35: 27 | B35: 2026-06-20 | C35: E | D35: Germany | E35: 3 | F35: 0 | G35: Ivory Coast | H35: =IF(AND(E35<>"",F35<>""),IF(E35>F35,"H",IF(E35<F35,"A","D")),"") -> H
A36: 28 | B36: 2026-06-20 | C36: E | D36: Ecuador | E36: 1 | F36: 0 | G36: Curaçao | H36: =IF(AND(E36<>"",F36<>""),IF(E36>F36,"H",IF(E36<F36,"A","D")),"") -> H
A37: 29 | B37: 2026-06-25 | C37: E | D37: Ecuador | E37: 0 | F37: 1 | G37: Germany | H37: =IF(AND(E37<>"",F37<>""),IF(E37>F37,"H",IF(E37<F37,"A","D")),"") -> A
A38: 30 | B38: 2026-06-25 | C38: E | D38: Curaçao | E38: 1 | F38: 1 | G38: Ivory Coast | H38: =IF(AND(E38<>"",F38<>""),IF(E38>F38,"H",IF(E38<F38,"A","D")),"") -> D
A39: 31 | B39: 2026-06-14 | C39: F | D39: Netherlands | E39: 2 | F39: 1 | G39: Japan | H39: =IF(AND(E39<>"",F39<>""),IF(E39>F39,"H",IF(E39<F39,"A","D")),"") -> H | J39: 0
A40: 32 | B40: 2026-06-14 | C40: F | D40: Zweden | E40: 3 | F40: 2 | G40: Tunisia | H40: =IF(AND(E40<>"",F40<>""),IF(E40>F40,"H",IF(E40<F40,"A","D")),"") -> H | J40: 1
A41: 33 | B41: 2026-06-20 | C41: F | D41: Netherlands | E41: 3 | F41: 1 | G41: Zweden | H41: =IF(AND(E41<>"",F41<>""),IF(E41>F41,"H",IF(E41<F41,"A","D")),"") -> H
A42: 34 | B42: 2026-06-20 | C42: F | D42: Tunisia | E42: 0 | F42: 1 | G42: Japan | H42: =IF(AND(E42<>"",F42<>""),IF(E42>F42,"H",IF(E42<F42,"A","D")),"") -> A
A43: 35 | B43: 2026-06-25 | C43: F | D43: Japan | E43: 1 | F43: 1 | G43: Zweden | H43: =IF(AND(E43<>"",F43<>""),IF(E43>F43,"H",IF(E43<F43,"A","D")),"") -> D
A44: 36 | B44: 2026-06-25 | C44: F | D44: Tunisia | E44: 0 | F44: 1 | G44: Netherlands | H44: =IF(AND(E44<>"",F44<>""),IF(E44>F44,"H",IF(E44<F44,"A","D")),"") -> A
A45: 37 | B45: 2026-06-15 | C45: G | D45: Belgium | E45: 2 | F45: 1 | G45: Egypt | H45: =IF(AND(E45<>"",F45<>""),IF(E45>F45,"H",IF(E45<F45,"A","D")),"") -> H | J45: 0
A46: 38 | B46: 2026-06-15 | C46: G | D46: Iran | E46: 0 | F46: 1 | G46: New Zealand | H46: =IF(AND(E46<>"",F46<>""),IF(E46>F46,"H",IF(E46<F46,"A","D")),"") -> A | J46: 0
A47: 39 | B47: 2026-06-21 | C47: G | D47: Belgium | E47: 2 | F47: 0 | G47: Iran | H47: =IF(AND(E47<>"",F47<>""),IF(E47>F47,"H",IF(E47<F47,"A","D")),"") -> H
A48: 40 | B48: 2026-06-21 | C48: G | D48: New Zealand | E48: 1 | F48: 2 | G48: Egypt | H48: =IF(AND(E48<>"",F48<>""),IF(E48>F48,"H",IF(E48<F48,"A","D")),"") -> A
A49: 41 | B49: 2026-06-26 | C49: G | D49: Egypt | E49: 2 | F49: 0 | G49: Iran | H49: =IF(AND(E49<>"",F49<>""),IF(E49>F49,"H",IF(E49<F49,"A","D")),"") -> H
A50: 42 | B50: 2026-06-26 | C50: G | D50: New Zealand | E50: 0 | F50: 3 | G50: Belgium | H50: =IF(AND(E50<>"",F50<>""),IF(E50>F50,"H",IF(E50<F50,"A","D")),"") -> A
A51: 43 | B51: 2026-06-15 | C51: H | D51: Spain | E51: 4 | F51: 0 | G51: Cape Verde | H51: =IF(AND(E51<>"",F51<>""),IF(E51>F51,"H",IF(E51<F51,"A","D")),"") -> H | J51: 0
A52: 44 | B52: 2026-06-15 | C52: H | D52: Saudi Arabia | E52: 0 | F52: 1 | G52: Uruguay | H52: =IF(AND(E52<>"",F52<>""),IF(E52>F52,"H",IF(E52<F52,"A","D")),"") -> A | J52: 0
A53: 45 | B53: 2026-06-21 | C53: H | D53: Spain | E53: 3 | F53: 0 | G53: Saudi Arabia | H53: =IF(AND(E53<>"",F53<>""),IF(E53>F53,"H",IF(E53<F53,"A","D")),"") -> H
A54: 46 | B54: 2026-06-21 | C54: H | D54: Uruguay | E54: 2 | F54: 0 | G54: Cape Verde | H54: =IF(AND(E54<>"",F54<>""),IF(E54>F54,"H",IF(E54<F54,"A","D")),"") -> H
A55: 47 | B55: 2026-06-26 | C55: H | D55: Cape Verde | E55: 0 | F55: 0 | G55: Saudi Arabia | H55: =IF(AND(E55<>"",F55<>""),IF(E55>F55,"H",IF(E55<F55,"A","D")),"") -> D
A56: 48 | B56: 2026-06-26 | C56: H | D56: Uruguay | E56: 1 | F56: 4 | G56: Spain | H56: =IF(AND(E56<>"",F56<>""),IF(E56>F56,"H",IF(E56<F56,"A","D")),"") -> A
A57: 49 | B57: 2026-06-16 | C57: I | D57: France | E57: 2 | F57: 1 | G57: Senegal | H57: =IF(AND(E57<>"",F57<>""),IF(E57>F57,"H",IF(E57<F57,"A","D")),"") -> H | J57: 1
A58: 50 | B58: 2026-06-16 | C58: I | D58: Irak | E58: 0 | F58: 1 | G58: Norway | H58: =IF(AND(E58<>"",F58<>""),IF(E58>F58,"H",IF(E58<F58,"A","D")),"") -> A | J58: 1
A59: 51 | B59: 2026-06-22 | C59: I | D59: France | E59: 4 | F59: 1 | G59: Irak | H59: =IF(AND(E59<>"",F59<>""),IF(E59>F59,"H",IF(E59<F59,"A","D")),"") -> H
A60: 52 | B60: 2026-06-22 | C60: I | D60: Norway | E60: 2 | F60: 1 | G60: Senegal | H60: =IF(AND(E60<>"",F60<>""),IF(E60>F60,"H",IF(E60<F60,"A","D")),"") -> H
A61: 53 | B61: 2026-06-26 | C61: I | D61: Norway | E61: 1 | F61: 1 | G61: France | H61: =IF(AND(E61<>"",F61<>""),IF(E61>F61,"H",IF(E61<F61,"A","D")),"") -> D
A62: 54 | B62: 2026-06-26 | C62: I | D62: Senegal | E62: 1 | F62: 0 | G62: Irak | H62: =IF(AND(E62<>"",F62<>""),IF(E62>F62,"H",IF(E62<F62,"A","D")),"") -> H
A63: 55 | B63: 2026-06-16 | C63: J | D63: Argentina | E63: 3 | F63: 1 | G63: Algeria | H63: =IF(AND(E63<>"",F63<>""),IF(E63>F63,"H",IF(E63<F63,"A","D")),"") -> H | J63: 1
A64: 56 | B64: 2026-06-16 | C64: J | D64: Austria | E64: 2 | F64: 0 | G64: Jordan | H64: =IF(AND(E64<>"",F64<>""),IF(E64>F64,"H",IF(E64<F64,"A","D")),"") -> H | J64: 1
A65: 57 | B65: 2026-06-22 | C65: J | D65: Argentina | E65: 3 | F65: 1 | G65: Austria | H65: =IF(AND(E65<>"",F65<>""),IF(E65>F65,"H",IF(E65<F65,"A","D")),"") -> H
A66: 58 | B66: 2026-06-22 | C66: J | D66: Jordan | E66: 1 | F66: 1 | G66: Algeria | H66: =IF(AND(E66<>"",F66<>""),IF(E66>F66,"H",IF(E66<F66,"A","D")),"") -> D
A67: 59 | B67: 2026-06-27 | C67: J | D67: Algeria | E67: 0 | F67: 1 | G67: Austria | H67: =IF(AND(E67<>"",F67<>""),IF(E67>F67,"H",IF(E67<F67,"A","D")),"") -> A
A68: 60 | B68: 2026-06-27 | C68: J | D68: Jordan | E68: 0 | F68: 2 | G68: Argentina | H68: =IF(AND(E68<>"",F68<>""),IF(E68>F68,"H",IF(E68<F68,"A","D")),"") -> A
A69: 61 | B69: 2026-06-17 | C69: K | D69: Portugal | E69: 5 | F69: 0 | G69: DR Congo | H69: =IF(AND(E69<>"",F69<>""),IF(E69>F69,"H",IF(E69<F69,"A","D")),"") -> H | J69: 0
A70: 62 | B70: 2026-06-17 | C70: K | D70: Uzbekistan | E70: 1 | F70: 0 | G70: Colombia | H70: =IF(AND(E70<>"",F70<>""),IF(E70>F70,"H",IF(E70<F70,"A","D")),"") -> H | J70: 0
A71: 63 | B71: 2026-06-23 | C71: K | D71: Portugal | E71: 3 | F71: 1 | G71: Uzbekistan | H71: =IF(AND(E71<>"",F71<>""),IF(E71>F71,"H",IF(E71<F71,"A","D")),"") -> H
A72: 64 | B72: 2026-06-23 | C72: K | D72: Colombia | E72: 0 | F72: 0 | G72: DR Congo | H72: =IF(AND(E72<>"",F72<>""),IF(E72>F72,"H",IF(E72<F72,"A","D")),"") -> D
A73: 65 | B73: 2026-06-27 | C73: K | D73: Colombia | E73: 0 | F73: 2 | G73: Portugal | H73: =IF(AND(E73<>"",F73<>""),IF(E73>F73,"H",IF(E73<F73,"A","D")),"") -> A
A74: 66 | B74: 2026-06-27 | C74: K | D74: DR Congo | E74: 1 | F74: 1 | G74: Uzbekistan | H74: =IF(AND(E74<>"",F74<>""),IF(E74>F74,"H",IF(E74<F74,"A","D")),"") -> D
A75: 67 | B75: 2026-06-17 | C75: L | D75: England | E75: 2 | F75: 1 | G75: Croatia | H75: =IF(AND(E75<>"",F75<>""),IF(E75>F75,"H",IF(E75<F75,"A","D")),"") -> H | J75: 1
A76: 68 | B76: 2026-06-17 | C76: L | D76: Ghana | E76: 2 | F76: 2 | G76: Panama | H76: =IF(AND(E76<>"",F76<>""),IF(E76>F76,"H",IF(E76<F76,"A","D")),"") -> D | J76: 0
A77: 69 | B77: 2026-06-23 | C77: L | D77: England | E77: 3 | F77: 0 | G77: Ghana | H77: =IF(AND(E77<>"",F77<>""),IF(E77>F77,"H",IF(E77<F77,"A","D")),"") -> H
A78: 70 | B78: 2026-06-23 | C78: L | D78: Panama | E78: 0 | F78: 3 | G78: Croatia | H78: =IF(AND(E78<>"",F78<>""),IF(E78>F78,"H",IF(E78<F78,"A","D")),"") -> A
A79: 71 | B79: 2026-06-27 | C79: L | D79: Panama | E79: 0 | F79: 3 | G79: England | H79: =IF(AND(E79<>"",F79<>""),IF(E79>F79,"H",IF(E79<F79,"A","D")),"") -> A
A80: 72 | B80: 2026-06-27 | C80: L | D80: Croatia | E80: 2 | F80: 0 | G80: Ghana | H80: =IF(AND(E80<>"",F80<>""),IF(E80>F80,"H",IF(E80<F80,"A","D")),"") -> H
J82: =SUM(J8:J80) -> 10

Sheet Knock-out  Guusje
A8: Teams laatste 32 | D8: Teams laatste 16 | G8: Teams laatste 8 | J8: Teams laatste 4 | M8: Teams Finale | P8: Winnaar
A10: 1 | B10: Mexico | D10: 1 | E10: nederland | G10: 1 | H10: nederland | J10: 1 | K10: nederland | M10: 1 | N10: nederland | P10: 1 | Q10: nederland
A11: =A10+1 -> 2 | B11: Tjechie | D11: =D10+1 -> 2 | E11: canada | G11: =G10+1 -> 2 | H11: portugal | J11: =J10+1 -> 2 | K11: argentinie | M11: =M10+1 -> 2 | N11: duitsland
A12: =A11+1 -> 3 | B12: Zuid Korea | D12: =D11+1 -> 3 | E12: zwitserland | G12: =G11+1 -> 3 | H12: duitsland | J12: =J11+1 -> 3 | K12: frankrijk
A13: =A12+1 -> 4 | B13: canada | D13: =D12+1 -> 4 | E13: brazilie | G13: =G12+1 -> 4 | H13: belgie | J13: =J12+1 -> 4 | K13: duitsland
A14: =A13+1 -> 5 | B14: zwitserland | D14: =D13+1 -> 5 | E14: duitsland | G14: =G13+1 -> 5 | H14: argentinie
A15: =A14+1 -> 6 | B15: bosnie | D15: =D14+1 -> 6 | E15: belgie | G15: =G14+1 -> 6 | H15: frankrijk
A16: =A15+1 -> 7 | B16: brazilie | D16: =D15+1 -> 7 | E16: japan | G16: =G15+1 -> 7 | H16: japan
A17: =A16+1 -> 8 | B17: marocco | D17: =D16+1 -> 8 | E17: zweden | G17: =G16+1 -> 8 | H17: spanje
A18: =A17+1 -> 9 | B18: amerika | D18: =D17+1 -> 9 | E18: frankrijk
A19: =A18+1 -> 10 | B19: turkije | D19: =D18+1 -> 10 | E19: engeland
A20: =A19+1 -> 11 | B20: australie | D20: =D19+1 -> 11 | E20: argentinie | H20: Bonus Vragen:
A21: =A20+1 -> 12 | B21: schotland | D21: =D20+1 -> 12 | E21: portugal
A22: =A21+1 -> 13 | B22: duitsland | D22: =D21+1 -> 13 | E22: kroatie | H22: 1. Topscoorder toernooi | K22: Malen
A23: =A22+1 -> 14 | B23: ecuador | D23: =D22+1 -> 14 | E23: turkije | H23: 2. Land met 1e rode kaart | K23: Zuid-afrika
A24: =A23+1 -> 15 | B24: ivoorkust | D24: =D23+1 -> 15 | E24: amerika | H24: 3. Beste speler toernooi | K24: Gakpo
A25: =A24+1 -> 16 | B25: nederland | D25: =D24+1 -> 16 | E25: mexico
A26: =A25+1 -> 17 | B26: japan | H26: Totaal aantal doelpunten | K26: 308
A27: =A26+1 -> 18 | B27: zweden | H27: (bij gelijke stand)
A28: =A27+1 -> 19 | B28: belgie
A29: =A28+1 -> 20 | B29: egypte
A30: =A29+1 -> 21 | B30: spanje
A31: =A30+1 -> 22 | B31: uruguay
A32: =A31+1 -> 23 | B32: frankrijk
A33: =A32+1 -> 24 | B33: noorwegen
A34: =A33+1 -> 25 | B34: senegal
A35: =A34+1 -> 26 | B35: argentinie
A36: =A35+1 -> 27 | B36: oostenrijk
A37: =A36+1 -> 28 | B37: portugal
A38: =A37+1 -> 29 | B38: colombia
A39: =A38+1 -> 30 | B39: engeland
... A41: =A40+1 -> 32 | B41: ghana

Sheet Groepsfase Esther
J6: Punten
A8: Nr | B8: Datum | C8: Groep | D8: Thuis | E8: T | F8: U | G8: Uit | H8: Res
A9: 1 | B9: 2026-06-11 | C9: A | D9: Mexico | E9: 2 | F9: 0 | G9: South Africa | H9: =IF(AND(E9<>"",F9<>""),IF(E9>F9,"H",IF(E9<F9,"A","D")),"") -> H | J9: 3
A10: 2 | B10: 2026-06-11 | C10: A | D10: South Korea | E10: 1 | F10: 2 | G10: Tsjechië | H10: =IF(AND(E10<>"",F10<>""),IF(E10>F10,"H",IF(E10<F10,"A","D")),"") -> A | J10: 0
A11: 3 | B11: 2026-06-18 | C11: A | D11: Tsjechië | E11: 3 | F11: 0 | G11: South Africa | H11: =IF(AND(E11<>"",F11<>""),IF(E11>F11,"H",IF(E11<F11,"A","D")),"") -> H
A12: 4 | B12: 2026-06-18 | C12: A | D12: Mexico | E12: 2 | F12: 1 | G12: South Korea | H12: =IF(AND(E12<>"",F12<>""),IF(E12>F12,"H",IF(E12<F12,"A","D")),"") -> H
A13: 5 | B13: 2026-06-24 | C13: A | D13: Tsjechië | E13: 1 | F13: 2 | G13: Mexico | H13: =IF(AND(E13<>"",F13<>""),IF(E13>F13,"H",IF(E13<F13,"A","D")),"") -> A
A14: 6 | B14: 2026-06-24 | C14: A | D14: South Africa | E14: 1 | F14: 1 | G14: South Korea | H14: =IF(AND(E14<>"",F14<>""),IF(E14>F14,"H",IF(E14<F14,"A","D")),"") -> D
A15: 7 | B15: 2026-06-12 | C15: B | D15: Canada | E15: 1 | F15: 0 | G15: Bosnië-Herzegovina | H15: =IF(AND(E15<>"",F15<>""),IF(E15>F15,"H",IF(E15<F15,"A","D")),"") -> H | J15: 0
A16: 8 | B16: 2026-06-13 | C16: B | D16: Qatar | E16: 0 | F16: 2 | G16: Switzerland | H16: =IF(AND(E16<>"",F16<>""),IF(E16>F16,"H",IF(E16<F16,"A","D")),"") -> A | J16: 0
A17: 9 | B17: 2026-06-18 | C17: B | D17: Switzerland | E17: 2 | F17: 1 | G17: Bosnië-Herzegovina | H17: =IF(AND(E17<>"",F17<>""),IF(E17>F17,"H",IF(E17<F17,"A","D")),"") -> H
A18: 10 | B18: 2026-06-18 | C18: B | D18: Canada | E18: 2 | F18: 0 | G18: Qatar | H18: =IF(AND(E18<>"",F18<>""),IF(E18>F18,"H",IF(E18<F18,"A","D")),"") -> H
A19: 11 | B19: 2026-06-24 | C19: B | D19: Switzerland | E19: 1 | F19: 1 | G19: Canada | H19: =IF(AND(E19<>"",F19<>""),IF(E19>F19,"H",IF(E19<F19,"A","D")),"") -> D
A20: 12 | B20: 2026-06-24 | C20: B | D20: Bosnië-Herzegovina | E20: 1 | F20: 0 | G20: Qatar | H20: =IF(AND(E20<>"",F20<>""),IF(E20>F20,"H",IF(E20<F20,"A","D")),"") -> H
A21: 13 | B21: 2026-06-13 | C21: C | D21: Brazil | E21: 1 | F21: 1 | G21: Morocco | H21: =IF(AND(E21<>"",F21<>""),IF(E21>F21,"H",IF(E21<F21,"A","D")),"") -> D | J21: 3
A22: 14 | B22: 2026-06-13 | C22: C | D22: Haiti | E22: 0 | F22: 2 | G22: Scotland | H22: =IF(AND(E22<>"",F22<>""),IF(E22>F22,"H",IF(E22<F22,"A","D")),"") -> A | J22: 1
A23: 15 | B23: 2026-06-19 | C23: C | D23: Scotland | E23: 1 | F23: 2 | G23: Morocco | H23: =IF(AND(E23<>"",F23<>""),IF(E23>F23,"H",IF(E23<F23,"A","D")),"") -> A
A24: 16 | B24: 2026-06-19 | C24: C | D24: Brazil | E24: 3 | F24: 0 | G24: Haiti | H24: =IF(AND(E24<>"",F24<>""),IF(E24>F24,"H",IF(E24<F24,"A","D")),"") -> H
A25: 17 | B25: 2026-06-24 | C25: C | D25: Scotland | E25: 1 | F25: 3 | G25: Brazil | H25: =IF(AND(E25<>"",F25<>""),IF(E25>F25,"H",IF(E25<F25,"A","D")),"") -> A
A26: 18 | B26: 2026-06-24 | C26: C | D26: Morocco | E26: 4 | F26: 0 | G26: Haiti | H26: =IF(AND(E26<>"",F26<>""),IF(E26>F26,"H",IF(E26<F26,"A","D")),"") -> H
A27: 19 | B27: 2026-06-12 | C27: D | D27: USA | E27: 2 | F27: 0 | G27: Paraguay | H27: =IF(AND(E27<>"",F27<>""),IF(E27>F27,"H",IF(E27<F27,"A","D")),"") -> H | J27: 1
A28: 20 | B28: 2026-06-13 | C28: D | D28: Australia | E28: 1 | F28: 2 | G28: Turkije | H28: =IF(AND(E28<>"",F28<>""),IF(E28>F28,"H",IF(E28<F28,"A","D")),"") -> A | J28: 0
A29: 21 | B29: 2026-06-19 | C29: D | D29: USA | E29: 2 | F29: 0 | G29: Australia | H29: =IF(AND(E29<>"",F29<>""),IF(E29>F29,"H",IF(E29<F29,"A","D")),"") -> H
A30: 22 | B30: 2026-06-19 | C30: D | D30: Turkije | E30: 3 | F30: 1 | G30: Paraguay | H30: =IF(AND(E30<>"",F30<>""),IF(E30>F30,"H",IF(E30<F30,"A","D")),"") -> H
A31: 23 | B31: 2026-06-25 | C31: D | D31: Turkije | E31: 1 | F31: 1 | G31: USA | H31: =IF(AND(E31<>"",F31<>""),IF(E31>F31,"H",IF(E31<F31,"A","D")),"") -> D
A32: 24 | B32: 2026-06-25 | C32: D | D32: Paraguay | E32: 1 | F32: 2 | G32: Australia | H32: =IF(AND(E32<>"",F32<>""),IF(E32>F32,"H",IF(E32<F32,"A","D")),"") -> A
A33: 25 | B33: 2026-06-14 | C33: E | D33: Germany | E33: 5 | F33: 0 | G33: Curaçao | H33: =IF(AND(E33<>"",F33<>""),IF(E33>F33,"H",IF(E33<F33,"A","D")),"") -> H | J33: 1
A34: 26 | B34: 2026-06-14 | C34: E | D34: Ivory Coast | E34: 1 | F34: 1 | G34: Ecuador | H34: =IF(AND(E34<>"",F34<>""),IF(E34>F34,"H",IF(E34<F34,"A","D")),"") -> D | J34: 0
A35: 27 | B35: 2026-06-20 | C35: E | D35: Germany | E35: 3 | F35: 1 | G35: Ivory Coast | H35: =IF(AND(E35<>"",F35<>""),IF(E35>F35,"H",IF(E35<F35,"A","D")),"") -> H
A36: 28 | B36: 2026-06-20 | C36: E | D36: Ecuador | E36: 3 | F36: 1 | G36: Curaçao | H36: =IF(AND(E36<>"",F36<>""),IF(E36>F36,"H",IF(E36<F36,"A","D")),"") -> H
A37: 29 | B37: 2026-06-25 | C37: E | D37: Ecuador | E37: 1 | F37: 4 | G37: Germany | H37: =IF(AND(E37<>"",F37<>""),IF(E37>F37,"H",IF(E37<F37,"A","D")),"") -> A
A38: 30 | B38: 2026-06-25 | C38: E | D38: Curaçao | E38: 1 | F38: 0 | G38: Ivory Coast | H38: =IF(AND(E38<>"",F38<>""),IF(E38>F38,"H",IF(E38<F38,"A","D")),"") -> H
A39: 31 | B39: 2026-06-14 | C39: F | D39: Netherlands | E39: 2 | F39: 1 | G39: Japan | H39: =IF(AND(E39<>"",F39<>""),IF(E39>F39,"H",IF(E39<F39,"A","D")),"") -> H | J39: 0
A40: 32 | B40: 2026-06-14 | C40: F | D40: Zweden | E40: 3 | F40: 1 | G40: Tunisia | H40: =IF(AND(E40<>"",F40<>""),IF(E40>F40,"H",IF(E40<F40,"A","D")),"") -> H | J40: 1
A41: 33 | B41: 2026-06-20 | C41: F | D41: Netherlands | E41: 1 | F41: 1 | G41: Zweden | H41: =IF(AND(E41<>"",F41<>""),IF(E41>F41,"H",IF(E41<F41,"A","D")),"") -> D
A42: 34 | B42: 2026-06-20 | C42: F | D42: Tunisia | E42: 1 | F42: 1 | G42: Japan | H42: =IF(AND(E42<>"",F42<>""),IF(E42>F42,"H",IF(E42<F42,"A","D")),"") -> D
A43: 35 | B43: 2026-06-25 | C43: F | D43: Japan | E43: 1 | F43: 0 | G43: Zweden | H43: =IF(AND(E43<>"",F43<>""),IF(E43>F43,"H",IF(E43<F43,"A","D")),"") -> H
A44: 36 | B44: 2026-06-25 | C44: F | D44: Tunisia | E44: 0 | F44: 1 | G44: Netherlands | H44: =IF(AND(E44<>"",F44<>""),IF(E44>F44,"H",IF(E44<F44,"A","D")),"") -> A
A45: 37 | B45: 2026-06-15 | C45: G | D45: Belgium | E45: 0 | F45: 0 | G45: Egypt | H45: =IF(AND(E45<>"",F45<>""),IF(E45>F45,"H",IF(E45<F45,"A","D")),"") -> D | J45: 1
A46: 38 | B46: 2026-06-15 | C46: G | D46: Iran | E46: 0 | F46: 1 | G46: New Zealand | H46: =IF(AND(E46<>"",F46<>""),IF(E46>F46,"H",IF(E46<F46,"A","D")),"") -> A | J46: 0
A47: 39 | B47: 2026-06-21 | C47: G | D47: Belgium | E47: 1 | F47: 0 | G47: Iran | H47: =IF(AND(E47<>"",F47<>""),IF(E47>F47,"H",IF(E47<F47,"A","D")),"") -> H
A48: 40 | B48: 2026-06-21 | C48: G | D48: New Zealand | E48: 0 | F48: 2 | G48: Egypt | H48: =IF(AND(E48<>"",F48<>""),IF(E48>F48,"H",IF(E48<F48,"A","D")),"") -> A
A49: 41 | B49: 2026-06-26 | C49: G | D49: Egypt | E49: 2 | F49: 1 | G49: Iran | H49: =IF(AND(E49<>"",F49<>""),IF(E49>F49,"H",IF(E49<F49,"A","D")),"") -> H
A50: 42 | B50: 2026-06-26 | C50: G | D50: New Zealand | E50: 0 | F50: 1 | G50: Belgium | H50: =IF(AND(E50<>"",F50<>""),IF(E50>F50,"H",IF(E50<F50,"A","D")),"") -> A
A51: 43 | B51: 2026-06-15 | C51: H | D51: Spain | E51: 5 | F51: 1 | G51: Cape Verde | H51: =IF(AND(E51<>"",F51<>""),IF(E51>F51,"H",IF(E51<F51,"A","D")),"") -> H | J51: 0
A52: 44 | B52: 2026-06-15 | C52: H | D52: Saudi Arabia | E52: 1 | F52: 2 | G52: Uruguay | H52: =IF(AND(E52<>"",F52<>""),IF(E52>F52,"H",IF(E52<F52,"A","D")),"") -> A | J52: 0
A53: 45 | B53: 2026-06-21 | C53: H | D53: Spain | E53: 3 | F53: 0 | G53: Saudi Arabia | H53: =IF(AND(E53<>"",F53<>""),IF(E53>F53,"H",IF(E53<F53,"A","D")),"") -> H
A54: 46 | B54: 2026-06-21 | C54: H | D54: Uruguay | E54: 2 | F54: 0 | G54: Cape Verde | H54: =IF(AND(E54<>"",F54<>""),IF(E54>F54,"H",IF(E54<F54,"A","D")),"") -> H
A55: 47 | B55: 2026-06-26 | C55: H | D55: Cape Verde | E55: 1 | F55: 1 | G55: Saudi Arabia | H55: =IF(AND(E55<>"",F55<>""),IF(E55>F55,"H",IF(E55<F55,"A","D")),"") -> D
A56: 48 | B56: 2026-06-26 | C56: H | D56: Uruguay | E56: 0 | F56: 1 | G56: Spain | H56: =IF(AND(E56<>"",F56<>""),IF(E56>F56,"H",IF(E56<F56,"A","D")),"") -> A
A57: 49 | B57: 2026-06-16 | C57: I | D57: France | E57: 3 | F57: 1 | G57: Senegal | H57: =IF(AND(E57<>"",F57<>""),IF(E57>F57,"H",IF(E57<F57,"A","D")),"") -> H | J57: 3
A58: 50 | B58: 2026-06-16 | C58: I | D58: Irak | E58: 1 | F58: 3 | G58: Norway | H58: =IF(AND(E58<>"",F58<>""),IF(E58>F58,"H",IF(E58<F58,"A","D")),"") -> A | J58: 1
A59: 51 | B59: 2026-06-22 | C59: I | D59: France | E59: 3 | F59: 0 | G59: Irak | H59: =IF(AND(E59<>"",F59<>""),IF(E59>F59,"H",IF(E59<F59,"A","D")),"") -> H
A60: 52 | B60: 2026-06-22 | C60: I | D60: Norway | E60: 1 | F60: 1 | G60: Senegal | H60: =IF(AND(E60<>"",F60<>""),IF(E60>F60,"H",IF(E60<F60,"A","D")),"") -> D
A61: 53 | B61: 2026-06-26 | C61: I | D61: Norway | E61: 0 | F61: 1 | G61: France | H61: =IF(AND(E61<>"",F61<>""),IF(E61>F61,"H",IF(E61<F61,"A","D")),"") -> A
A62: 54 | B62: 2026-06-26 | C62: I | D62: Senegal | E62: 2 | F62: 0 | G62: Irak | H62: =IF(AND(E62<>"",F62<>""),IF(E62>F62,"H",IF(E62<F62,"A","D")),"") -> H
A63: 55 | B63: 2026-06-16 | C63: J | D63: Argentina | E63: 2 | F63: 0 | G63: Algeria | H63: =IF(AND(E63<>"",F63<>""),IF(E63>F63,"H",IF(E63<F63,"A","D")),"") -> H | J63: 1
A64: 56 | B64: 2026-06-16 | C64: J | D64: Austria | E64: 3 | F64: 0 | G64: Jordan | H64: =IF(AND(E64<>"",F64<>""),IF(E64>F64,"H",IF(E64<F64,"A","D")),"") -> H | J64: 1
A65: 57 | B65: 2026-06-22 | C65: J | D65: Argentina | E65: 2 | F65: 1 | G65: Austria | H65: =IF(AND(E65<>"",F65<>""),IF(E65>F65,"H",IF(E65<F65,"A","D")),"") -> H
A66: 58 | B66: 2026-06-22 | C66: J | D66: Jordan | E66: 0 | F66: 2 | G66: Algeria | H66: =IF(AND(E66<>"",F66<>""),IF(E66>F66,"H",IF(E66<F66,"A","D")),"") -> A
A67: 59 | B67: 2026-06-27 | C67: J | D67: Algeria | E67: 1 | F67: 2 | G67: Austria | H67: =IF(AND(E67<>"",F67<>""),IF(E67>F67,"H",IF(E67<F67,"A","D")),"") -> A
A68: 60 | B68: 2026-06-27 | C68: J | D68: Jordan | E68: 0 | F68: 4 | G68: Argentina | H68: =IF(AND(E68<>"",F68<>""),IF(E68>F68,"H",IF(E68<F68,"A","D")),"") -> A
A69: 61 | B69: 2026-06-17 | C69: K | D69: Portugal | E69: 3 | F69: 0 | G69: DR Congo | H69: =IF(AND(E69<>"",F69<>""),IF(E69>F69,"H",IF(E69<F69,"A","D")),"") -> H | J69: 0
A70: 62 | B70: 2026-06-17 | C70: K | D70: Uzbekistan | E70: 1 | F70: 4 | G70: Colombia | H70: =IF(AND(E70<>"",F70<>""),IF(E70>F70,"H",IF(E70<F70,"A","D")),"") -> A | J70: 1
A71: 63 | B71: 2026-06-23 | C71: K | D71: Portugal | E71: 1 | F71: 0 | G71: Uzbekistan | H71: =IF(AND(E71<>"",F71<>""),IF(E71>F71,"H",IF(E71<F71,"A","D")),"") -> H
A72: 64 | B72: 2026-06-23 | C72: K | D72: Colombia | E72: 3 | F72: 0 | G72: DR Congo | H72: =IF(AND(E72<>"",F72<>""),IF(E72>F72,"H",IF(E72<F72,"A","D")),"") -> H
A73: 65 | B73: 2026-06-27 | C73: K | D73: Colombia | E73: 1 | F73: 2 | G73: Portugal | H73: =IF(AND(E73<>"",F73<>""),IF(E73>F73,"H",IF(E73<F73,"A","D")),"") -> A
A74: 66 | B74: 2026-06-27 | C74: K | D74: DR Congo | E74: 1 | F74: 1 | G74: Uzbekistan | H74: =IF(AND(E74<>"",F74<>""),IF(E74>F74,"H",IF(E74<F74,"A","D")),"") -> D
A75: 67 | B75: 2026-06-17 | C75: L | D75: England | E75: 2 | F75: 1 | G75: Croatia | H75: =IF(AND(E75<>"",F75<>""),IF(E75>F75,"H",IF(E75<F75,"A","D")),"") -> H | J75: 1
A76: 68 | B76: 2026-06-17 | C76: L | D76: Ghana | E76: 3 | F76: 2 | G76: Panama | H76: =IF(AND(E76<>"",F76<>""),IF(E76>F76,"H",IF(E76<F76,"A","D")),"") -> H | J76: 1
A77: 69 | B77: 2026-06-23 | C77: L | D77: England | E77: 2 | F77: 0 | G77: Ghana | H77: =IF(AND(E77<>"",F77<>""),IF(E77>F77,"H",IF(E77<F77,"A","D")),"") -> H
A78: 70 | B78: 2026-06-23 | C78: L | D78: Panama | E78: 0 | F78: 1 | G78: Croatia | H78: =IF(AND(E78<>"",F78<>""),IF(E78>F78,"H",IF(E78<F78,"A","D")),"") -> A
A79: 71 | B79: 2026-06-27 | C79: L | D79: Panama | E79: 1 | F79: 3 | G79: England | H79: =IF(AND(E79<>"",F79<>""),IF(E79>F79,"H",IF(E79<F79,"A","D")),"") -> A
A80: 72 | B80: 2026-06-27 | C80: L | D80: Croatia | E80: 2 | F80: 2 | G80: Ghana | H80: =IF(AND(E80<>"",F80<>""),IF(E80>F80,"H",IF(E80<F80,"A","D")),"") -> D
J82: =SUM(J8:J80) -> 20

Sheet Knock-out Esther
A8: Teams laatste 32 | D8: Teams laatste 16 | G8: Teams laatste 8 | J8: Teams laatste 4 | M8: Teams Finale | P8: Winnaar
A10: 1 | B10: Mexico | D10: 1 | E10: portugal | G10: 1 | H10: Portugal | J10: 1 | K10: Engeland | M10: 1 | N10: Engeland | P10: 1 | Q10: Engeland
A11: =A10+1 -> 2 | B11: Tjechië | D11: =D10+1 -> 2 | E11: frankrijk | G11: =G10+1 -> 2 | H11: Frankrijk | J11: =J10+1 -> 2 | K11: Frankrijk | M11: =M10+1 -> 2 | N11: Spanje
A12: =A11+1 -> 3 | B12: Zwitserland | D12: =D11+1 -> 3 | E12: duitsland | G12: =G11+1 -> 3 | H12: duitsland | J12: =J11+1 -> 3 | K12: Spanje
A13: =A12+1 -> 4 | B13: Marokko | D13: =D12+1 -> 4 | E13: spanje | G13: =G12+1 -> 4 | H13: engeland | J13: =J12+1 -> 4 | K13: Argentië
A14: =A13+1 -> 5 | B14: Brazilië | D14: =D13+1 -> 5 | E14: engeland | G14: =G13+1 -> 5 | H14: argentinie
A15: =A14+1 -> 6 | B15: USA | D15: =D14+1 -> 6 | E15: marokko | G15: =G14+1 -> 6 | H15: spanje
A16: =A15+1 -> 7 | B16: Turkije | D16: =D15+1 -> 7 | E16: brazilië | G16: =G15+1 -> 7 | H16: marokko
A17: =A16+1 -> 8 | B17: Duitsland | D17: =D16+1 -> 8 | E17: Argentinië | G17: =G16+1 -> 8 | H17: kroatië
A18: =A17+1 -> 9 | B18: Ecuador | D18: =D17+1 -> 9 | E18: Colombia
A19: =A18+1 -> 10 | B19: Nederland | D19: =D18+1 -> 10 | E19: Oostenrijk
A20: =A19+1 -> 11 | B20: Zweden | D20: =D19+1 -> 11 | E20: Senegal | H20: Bonus Vragen:
A21: =A20+1 -> 12 | B21: Egypte | D21: =D20+1 -> 12 | E21: Uruguay
A22: =A21+1 -> 13 | B22: België | D22: =D21+1 -> 13 | E22: Mexico | H22: 1. Topscoorder toernooi | K22: Kane
A23: =A22+1 -> 14 | B23: Spanje | D23: =D22+1 -> 14 | E23: Kroatië | H23: 2. Land met 1e rode kaart | K23: Mexico
A24: =A23+1 -> 15 | B24: Uruguay | D24: =D23+1 -> 15 | E24: Schotland | H24: 3. Beste speler toernooi | K24: Rodri
A25: =A24+1 -> 16 | B25: Frankrijk | D25: =D24+1 -> 16 | E25: Japan
A26: =A25+1 -> 17 | B26: Noorwegen | H26: Totaal aantal doelpunten | K26: 299
A27: =A26+1 -> 18 | B27: Argentinië | H27: (bij gelijke stand)
A28: =A27+1 -> 19 | B28: Oostenrijk
A29: =A28+1 -> 20 | B29: Columbia
A30: =A29+1 -> 21 | B30: Portugal
A31: =A30+1 -> 22 | B31: Engeland
A32: =A31+1 -> 23 | B32: Kroatië
A33: =A32+1 -> 24 | B33: Schotland
A34: =A33+1 -> 25 | B34: Australië
A35: =A34+1 -> 26 | B35: Senegal
A36: =A35+1 -> 27 | B36: Ghana
A37: =A36+1 -> 28 | B37: Algerije
A38: =A37+1 -> 29 | B38: Nieuw Zeeland
A39: =A38+1 -> 30 | B39: Japan
... A41: =A40+1 -> 32 | B41: Canada

Sheet Groepsfase Pleun
J6: Punten
A8: Nr | B8: Datum | C8: Groep | D8: Thuis | E8: T | F8: U | G8: Uit | H8: Res
A9: 1 | B9: 2026-06-11 | C9: A | D9: Mexico | E9: 2 | F9: 1 | G9: South Africa | H9: =IF(AND(E9<>"",F9<>""),IF(E9>F9,"H",IF(E9<F9,"A","D")),"") -> H | J9: 1
A10: 2 | B10: 2026-06-11 | C10: A | D10: South Korea | E10: 1 | F10: 2 | G10: Tsjechië | H10: =IF(AND(E10<>"",F10<>""),IF(E10>F10,"H",IF(E10<F10,"A","D")),"") -> A | J10: 0
A11: 3 | B11: 2026-06-18 | C11: A | D11: Tsjechië | E11: 2 | F11: 0 | G11: South Africa | H11: =IF(AND(E11<>"",F11<>""),IF(E11>F11,"H",IF(E11<F11,"A","D")),"") -> H
A12: 4 | B12: 2026-06-18 | C12: A | D12: Mexico | E12: 1 | F12: 1 | G12: South Korea | H12: =IF(AND(E12<>"",F12<>""),IF(E12>F12,"H",IF(E12<F12,"A","D")),"") -> D
A13: 5 | B13: 2026-06-24 | C13: A | D13: Tsjechië | E13: 2 | F13: 1 | G13: Mexico | H13: =IF(AND(E13<>"",F13<>""),IF(E13>F13,"H",IF(E13<F13,"A","D")),"") -> H
A14: 6 | B14: 2026-06-24 | C14: A | D14: South Africa | E14: 1 | F14: 1 | G14: South Korea | H14: =IF(AND(E14<>"",F14<>""),IF(E14>F14,"H",IF(E14<F14,"A","D")),"") -> D
A15: 7 | B15: 2026-06-12 | C15: B | D15: Canada | E15: 2 | F15: 1 | G15: Bosnië-Herzegovina | H15: =IF(AND(E15<>"",F15<>""),IF(E15>F15,"H",IF(E15<F15,"A","D")),"") -> H | J15: 0
A16: 8 | B16: 2026-06-13 | C16: B | D16: Qatar | E16: 0 | F16: 1 | G16: Switzerland | H16: =IF(AND(E16<>"",F16<>""),IF(E16>F16,"H",IF(E16<F16,"A","D")),"") -> A | J16: 0
A17: 9 | B17: 2026-06-18 | C17: B | D17: Switzerland | E17: 2 | F17: 0 | G17: Bosnië-Herzegovina | H17: =IF(AND(E17<>"",F17<>""),IF(E17>F17,"H",IF(E17<F17,"A","D")),"") -> H
A18: 10 | B18: 2026-06-18 | C18: B | D18: Canada | E18: 2 | F18: 0 | G18: Qatar | H18: =IF(AND(E18<>"",F18<>""),IF(E18>F18,"H",IF(E18<F18,"A","D")),"") -> H
A19: 11 | B19: 2026-06-24 | C19: B | D19: Switzerland | E19: 2 | F19: 2 | G19: Canada | H19: =IF(AND(E19<>"",F19<>""),IF(E19>F19,"H",IF(E19<F19,"A","D")),"") -> D
A20: 12 | B20: 2026-06-24 | C20: B | D20: Bosnië-Herzegovina | E20: 0 | F20: 0 | G20: Qatar | H20: =IF(AND(E20<>"",F20<>""),IF(E20>F20,"H",IF(E20<F20,"A","D")),"") -> D
A21: 13 | B21: 2026-06-13 | C21: C | D21: Brazil | E21: 3 | F21: 2 | G21: Morocco | H21: =IF(AND(E21<>"",F21<>""),IF(E21>F21,"H",IF(E21<F21,"A","D")),"") -> H | J21: 0
A22: 14 | B22: 2026-06-13 | C22: C | D22: Haiti | E22: 1 | F22: 1 | G22: Scotland | H22: =IF(AND(E22<>"",F22<>""),IF(E22>F22,"H",IF(E22<F22,"A","D")),"") -> D | J22: 0
A23: 15 | B23: 2026-06-19 | C23: C | D23: Scotland | E23: 0 | F23: 2 | G23: Morocco | H23: =IF(AND(E23<>"",F23<>""),IF(E23>F23,"H",IF(E23<F23,"A","D")),"") -> A
A24: 16 | B24: 2026-06-19 | C24: C | D24: Brazil | E24: 4 | F24: 0 | G24: Haiti | H24: =IF(AND(E24<>"",F24<>""),IF(E24>F24,"H",IF(E24<F24,"A","D")),"") -> H
A25: 17 | B25: 2026-06-24 | C25: C | D25: Scotland | E25: 0 | F25: 2 | G25: Brazil | H25: =IF(AND(E25<>"",F25<>""),IF(E25>F25,"H",IF(E25<F25,"A","D")),"") -> A
A26: 18 | B26: 2026-06-24 | C26: C | D26: Morocco | E26: 3 | F26: 0 | G26: Haiti | H26: =IF(AND(E26<>"",F26<>""),IF(E26>F26,"H",IF(E26<F26,"A","D")),"") -> H
A27: 19 | B27: 2026-06-12 | C27: D | D27: USA | E27: 2 | F27: 0 | G27: Paraguay | H27: =IF(AND(E27<>"",F27<>""),IF(E27>F27,"H",IF(E27<F27,"A","D")),"") -> H | J27: 1
A28: 20 | B28: 2026-06-13 | C28: D | D28: Australia | E28: 1 | F28: 1 | G28: Turkije | H28: =IF(AND(E28<>"",F28<>""),IF(E28>F28,"H",IF(E28<F28,"A","D")),"") -> D | J28: 0
A29: 21 | B29: 2026-06-19 | C29: D | D29: USA | E29: 2 | F29: 0 | G29: Australia | H29: =IF(AND(E29<>"",F29<>""),IF(E29>F29,"H",IF(E29<F29,"A","D")),"") -> H
A30: 22 | B30: 2026-06-19 | C30: D | D30: Turkije | E30: 2 | F30: 1 | G30: Paraguay | H30: =IF(AND(E30<>"",F30<>""),IF(E30>F30,"H",IF(E30<F30,"A","D")),"") -> H
A31: 23 | B31: 2026-06-25 | C31: D | D31: Turkije | E31: 1 | F31: 2 | G31: USA | H31: =IF(AND(E31<>"",F31<>""),IF(E31>F31,"H",IF(E31<F31,"A","D")),"") -> A
A32: 24 | B32: 2026-06-25 | C32: D | D32: Paraguay | E32: 1 | F32: 1 | G32: Australia | H32: =IF(AND(E32<>"",F32<>""),IF(E32>F32,"H",IF(E32<F32,"A","D")),"") -> D
A33: 25 | B33: 2026-06-14 | C33: E | D33: Germany | E33: 3 | F33: 0 | G33: Curaçao | H33: =IF(AND(E33<>"",F33<>""),IF(E33>F33,"H",IF(E33<F33,"A","D")),"") -> H | J33: 1
A34: 26 | B34: 2026-06-14 | C34: E | D34: Ivory Coast | E34: 0 | F34: 1 | G34: Ecuador | H34: =IF(AND(E34<>"",F34<>""),IF(E34>F34,"H",IF(E34<F34,"A","D")),"") -> A | J34: 0
A35: 27 | B35: 2026-06-20 | C35: E | D35: Germany | E35: 3 | F35: 0 | G35: Ivory Coast | H35: =IF(AND(E35<>"",F35<>""),IF(E35>F35,"H",IF(E35<F35,"A","D")),"") -> H
A36: 28 | B36: 2026-06-20 | C36: E | D36: Ecuador | E36: 1 | F36: 1 | G36: Curaçao | H36: =IF(AND(E36<>"",F36<>""),IF(E36>F36,"H",IF(E36<F36,"A","D")),"") -> D
A37: 29 | B37: 2026-06-25 | C37: E | D37: Ecuador | E37: 0 | F37: 2 | G37: Germany | H37: =IF(AND(E37<>"",F37<>""),IF(E37>F37,"H",IF(E37<F37,"A","D")),"") -> A
A38: 30 | B38: 2026-06-25 | C38: E | D38: Curaçao | E38: 1 | F38: 0 | G38: Ivory Coast | H38: =IF(AND(E38<>"",F38<>""),IF(E38>F38,"H",IF(E38<F38,"A","D")),"") -> H
A39: 31 | B39: 2026-06-14 | C39: F | D39: Netherlands | E39: 2 | F39: 1 | G39: Japan | H39: =IF(AND(E39<>"",F39<>""),IF(E39>F39,"H",IF(E39<F39,"A","D")),"") -> H | J39: 0
A40: 32 | B40: 2026-06-14 | C40: F | D40: Zweden | E40: 1 | F40: 1 | G40: Tunisia | H40: =IF(AND(E40<>"",F40<>""),IF(E40>F40,"H",IF(E40<F40,"A","D")),"") -> D | J40: 0
A41: 33 | B41: 2026-06-20 | C41: F | D41: Netherlands | E41: 2 | F41: 0 | G41: Zweden | H41: =IF(AND(E41<>"",F41<>""),IF(E41>F41,"H",IF(E41<F41,"A","D")),"") -> H
A42: 34 | B42: 2026-06-20 | C42: F | D42: Tunisia | E42: 0 | F42: 3 | G42: Japan | H42: =IF(AND(E42<>"",F42<>""),IF(E42>F42,"H",IF(E42<F42,"A","D")),"") -> A
A43: 35 | B43: 2026-06-25 | C43: F | D43: Japan | E43: 2 | F43: 2 | G43: Zweden | H43: =IF(AND(E43<>"",F43<>""),IF(E43>F43,"H",IF(E43<F43,"A","D")),"") -> D
A44: 36 | B44: 2026-06-25 | C44: F | D44: Tunisia | E44: 0 | F44: 4 | G44: Netherlands | H44: =IF(AND(E44<>"",F44<>""),IF(E44>F44,"H",IF(E44<F44,"A","D")),"") -> A
A45: 37 | B45: 2026-06-15 | C45: G | D45: Belgium | E45: 2 | F45: 2 | G45: Egypt | H45: =IF(AND(E45<>"",F45<>""),IF(E45>F45,"H",IF(E45<F45,"A","D")),"") -> D | J45: 1
A46: 38 | B46: 2026-06-15 | C46: G | D46: Iran | E46: 1 | F46: 1 | G46: New Zealand | H46: =IF(AND(E46<>"",F46<>""),IF(E46>F46,"H",IF(E46<F46,"A","D")),"") -> D | J46: 1
A47: 39 | B47: 2026-06-21 | C47: G | D47: Belgium | E47: 2 | F47: 0 | G47: Iran | H47: =IF(AND(E47<>"",F47<>""),IF(E47>F47,"H",IF(E47<F47,"A","D")),"") -> H
A48: 40 | B48: 2026-06-21 | C48: G | D48: New Zealand | E48: 1 | F48: 3 | G48: Egypt | H48: =IF(AND(E48<>"",F48<>""),IF(E48>F48,"H",IF(E48<F48,"A","D")),"") -> A
A49: 41 | B49: 2026-06-26 | C49: G | D49: Egypt | E49: 3 | F49: 3 | G49: Iran | H49: =IF(AND(E49<>"",F49<>""),IF(E49>F49,"H",IF(E49<F49,"A","D")),"") -> D
A50: 42 | B50: 2026-06-26 | C50: G | D50: New Zealand | E50: 0 | F50: 3 | G50: Belgium | H50: =IF(AND(E50<>"",F50<>""),IF(E50>F50,"H",IF(E50<F50,"A","D")),"") -> A
A51: 43 | B51: 2026-06-15 | C51: H | D51: Spain | E51: 3 | F51: 0 | G51: Cape Verde | H51: =IF(AND(E51<>"",F51<>""),IF(E51>F51,"H",IF(E51<F51,"A","D")),"") -> H
A52: 44 | B52: 2026-06-15 | C52: H | D52: Saudi Arabia | E52: 1 | F52: 2 | G52: Uruguay | H52: =IF(AND(E52<>"",F52<>""),IF(E52>F52,"H",IF(E52<F52,"A","D")),"") -> A | J52: 0
A53: 45 | B53: 2026-06-21 | C53: H | D53: Spain | E53: 3 | F53: 1 | G53: Saudi Arabia | H53: =IF(AND(E53<>"",F53<>""),IF(E53>F53,"H",IF(E53<F53,"A","D")),"") -> H | J53: 0
A54: 46 | B54: 2026-06-21 | C54: H | D54: Uruguay | E54: 2 | F54: 0 | G54: Cape Verde | H54: =IF(AND(E54<>"",F54<>""),IF(E54>F54,"H",IF(E54<F54,"A","D")),"") -> H
A55: 47 | B55: 2026-06-26 | C55: H | D55: Cape Verde | E55: 1 | F55: 2 | G55: Saudi Arabia | H55: =IF(AND(E55<>"",F55<>""),IF(E55>F55,"H",IF(E55<F55,"A","D")),"") -> A
A56: 48 | B56: 2026-06-26 | C56: H | D56: Uruguay | E56: 2 | F56: 2 | G56: Spain | H56: =IF(AND(#REF!<>"",F56<>""),IF(#REF!>F56,"H",IF(#REF!<F56,"A","D")),"") -> #REF!
A57: 49 | B57: 2026-06-16 | C57: I | D57: France | E57: 3 | F57: 0 | G57: Senegal | H57: =IF(AND(E56<>"",F57<>""),IF(E56>F57,"H",IF(E56<F57,"A","D")),"") -> H | J57: 1
A58: 50 | B58: 2026-06-16 | C58: I | D58: Irak | E58: 0 | F58: 2 | G58: Norway | H58: =IF(AND(E58<>"",F58<>""),IF(E58>F58,"H",IF(E58<F58,"A","D")),"") -> A | J58: 1
A59: 51 | B59: 2026-06-22 | C59: I | D59: France | E59: 5 | F59: 0 | G59: Irak | H59: =IF(AND(E59<>"",F59<>""),IF(E59>F59,"H",IF(E59<F59,"A","D")),"") -> H
A60: 52 | B60: 2026-06-22 | C60: I | D60: Norway | E60: 2 | F60: 0 | G60: Senegal | H60: =IF(AND(E60<>"",F60<>""),IF(E60>F60,"H",IF(E60<F60,"A","D")),"") -> H
A61: 53 | B61: 2026-06-26 | C61: I | D61: Norway | E61: 2 | F61: 3 | G61: France | H61: =IF(AND(E61<>"",F61<>""),IF(E61>F61,"H",IF(E61<F61,"A","D")),"") -> A
A62: 54 | B62: 2026-06-26 | C62: I | D62: Senegal | E62: 0 | F62: 0 | G62: Irak | H62: =IF(AND(E62<>"",F62<>""),IF(E62>F62,"H",IF(E62<F62,"A","D")),"") -> D
A63: 55 | B63: 2026-06-16 | C63: J | D63: Argentina | E63: 2 | F63: 0 | G63: Algeria | H63: =IF(AND(E63<>"",F63<>""),IF(E63>F63,"H",IF(E63<F63,"A","D")),"") -> H | J63: 1
A64: 56 | B64: 2026-06-16 | C64: J | D64: Austria | E64: 2 | F64: 0 | G64: Jordan | H64: =IF(AND(E64<>"",F64<>""),IF(E64>F64,"H",IF(E64<F64,"A","D")),"") -> H | J64: 1
A65: 57 | B65: 2026-06-22 | C65: J | D65: Argentina | E65: 3 | F65: 1 | G65: Austria | H65: =IF(AND(E65<>"",F65<>""),IF(E65>F65,"H",IF(E65<F65,"A","D")),"") -> H
A66: 58 | B66: 2026-06-22 | C66: J | D66: Jordan | E66: 1 | F66: 1 | G66: Algeria | H66: =IF(AND(E66<>"",F66<>""),IF(E66>F66,"H",IF(E66<F66,"A","D")),"") -> D
A67: 59 | B67: 2026-06-27 | C67: J | D67: Algeria | E67: 0 | F67: 1 | G67: Austria | H67: =IF(AND(E67<>"",F67<>""),IF(E67>F67,"H",IF(E67<F67,"A","D")),"") -> A
A68: 60 | B68: 2026-06-27 | C68: J | D68: Jordan | E68: 0 | F68: 3 | G68: Argentina | H68: =IF(AND(E68<>"",F68<>""),IF(E68>F68,"H",IF(E68<F68,"A","D")),"") -> A
A69: 61 | B69: 2026-06-17 | C69: K | D69: Portugal | E69: 2 | F69: 0 | G69: DR Congo | H69: =IF(AND(E69<>"",F69<>""),IF(E69>F69,"H",IF(E69<F69,"A","D")),"") -> H | J69: 0
A70: 62 | B70: 2026-06-17 | C70: K | D70: Uzbekistan | E70: 0 | F70: 1 | G70: Colombia | H70: =IF(AND(E70<>"",F70<>""),IF(E70>F70,"H",IF(E70<F70,"A","D")),"") -> A | J70: 1
A71: 63 | B71: 2026-06-23 | C71: K | D71: Portugal | E71: 2 | F71: 0 | G71: Uzbekistan | H71: =IF(AND(E71<>"",F71<>""),IF(E71>F71,"H",IF(E71<F71,"A","D")),"") -> H
A72: 64 | B72: 2026-06-23 | C72: K | D72: Colombia | E72: 2 | F72: 1 | G72: DR Congo | H72: =IF(AND(E72<>"",F72<>""),IF(E72>F72,"H",IF(E72<F72,"A","D")),"") -> H
A73: 65 | B73: 2026-06-27 | C73: K | D73: Colombia | E73: 1 | F73: 2 | G73: Portugal | H73: =IF(AND(E73<>"",F73<>""),IF(E73>F73,"H",IF(E73<F73,"A","D")),"") -> A
A74: 66 | B74: 2026-06-27 | C74: K | D74: DR Congo | E74: 0 | F74: 0 | G74: Uzbekistan | H74: =IF(AND(E74<>"",F74<>""),IF(E74>F74,"H",IF(E74<F74,"A","D")),"") -> D
A75: 67 | B75: 2026-06-17 | C75: L | D75: England | E75: 3 | F75: 1 | G75: Croatia | H75: =IF(AND(E75<>"",F75<>""),IF(E75>F75,"H",IF(E75<F75,"A","D")),"") -> H | J75: 1
A76: 68 | B76: 2026-06-17 | C76: L | D76: Ghana | E76: 2 | F76: 2 | G76: Panama | H76: =IF(AND(E76<>"",F76<>""),IF(E76>F76,"H",IF(E76<F76,"A","D")),"") -> D | J76: 0
A77: 69 | B77: 2026-06-23 | C77: L | D77: England | E77: 3 | F77: 0 | G77: Ghana | H77: =IF(AND(E77<>"",F77<>""),IF(E77>F77,"H",IF(E77<F77,"A","D")),"") -> H
A78: 70 | B78: 2026-06-23 | C78: L | D78: Panama | E78: 0 | F78: 1 | G78: Croatia | H78: =IF(AND(E78<>"",F78<>""),IF(E78>F78,"H",IF(E78<F78,"A","D")),"") -> A
A79: 71 | B79: 2026-06-27 | C79: L | D79: Panama | E79: 0 | F79: 2 | G79: England | H79: =IF(AND(E79<>"",F79<>""),IF(E79>F79,"H",IF(E79<F79,"A","D")),"") -> A
A80: 72 | B80: 2026-06-27 | C80: L | D80: Croatia | E80: 2 | F80: 0 | G80: Ghana | H80: =IF(AND(E80<>"",F80<>""),IF(E80>F80,"H",IF(E80<F80,"A","D")),"") -> H
J82: =SUM(J8:J80) -> 11

Sheet Knock-out Pleun
A8: Teams laatste 32 | D8: Teams laatste 16 | G8: Teams laatste 8 | J8: Teams laatste 4 | M8: Teams Finale | P8: Winnaar
A10: 1 | B10: Tjechie | D10: 1 | E10: France | G10: 1 | H10: Spain | J10: 1 | K10: Spain | M10: 1 | N10: Spain | P10: 1 | Q10: France
A11: =A10+1 -> 2 | B11: Mexico | D11: =D10+1 -> 2 | E11: Spain | G11: =G10+1 -> 2 | H11: France | J11: =J10+1 -> 2 | K11: France | M11: =M10+1 -> 2 | N11: France
A12: =A11+1 -> 3 | B12: switserland | D12: =D11+1 -> 3 | E12: Nederland | G12: =G11+1 -> 3 | H12: Germeny | J12: =J11+1 -> 3 | K12: Nederland
A13: =A12+1 -> 4 | B13: canada | D13: =D12+1 -> 4 | E13: Germeny | G13: =G12+1 -> 4 | H13: Nederland | J13: =J12+1 -> 4 | K13: Japan
A14: =A13+1 -> 5 | B14: Brazillie | D14: =D13+1 -> 5 | E14: Japan | G14: =G13+1 -> 5 | H14: England
A15: =A14+1 -> 6 | B15: Morocco | D15: =D14+1 -> 6 | E15: Morocco | G15: =G14+1 -> 6 | H15: Brazillie
A16: =A15+1 -> 7 | B16: USA | D16: =D15+1 -> 7 | E16: Norway | G16: =G15+1 -> 7 | H16: Argetina
A17: =A16+1 -> 8 | B17: Turkije | D17: =D16+1 -> 8 | E17: England | G17: =G16+1 -> 8 | H17: Japan
A18: =A17+1 -> 9 | B18: Germeny | D18: =D17+1 -> 9 | E18: Portugal
A19: =A18+1 -> 10 | B19: Ecuador | D19: =D18+1 -> 10 | E19: Croatia
A20: =A19+1 -> 11 | B20: Nederland | D20: =D19+1 -> 11 | E20: Brazillie | H20: Bonus Vragen:
A21: =A20+1 -> 12 | B21: Japan | D21: =D20+1 -> 12 | E21: Belgium
A22: =A21+1 -> 13 | B22: Belgium | D22: =D21+1 -> 13 | E22: Uruguay | H22: 1. Topscoorder toernooi | K22: kylian Mbappe
A23: =A22+1 -> 14 | B23: Egypte | D23: =D22+1 -> 14 | E23: USA | H23: 2. Land met 1e rode kaart | K23: Algeria
A24: =A23+1 -> 15 | B24: Spain | D24: =D23+1 -> 15 | E24: Agetina | H24: 3. Beste speler toernooi | K24: Lamin Yamal
A25: =A24+1 -> 16 | B25: Uruguay | D25: =D24+1 -> 16 | E25: Ecuador
A26: =A25+1 -> 17 | B26: France | H26: Totaal aantal doelpunten
A27: =A26+1 -> 18 | B27: Norway | H27: (bij gelijke stand)
A28: =A27+1 -> 19 | B28: Argentina
A29: =A28+1 -> 20 | B29: Austria
A30: =A29+1 -> 21 | B30: Portugal
A31: =A30+1 -> 22 | B31: Colombia
A32: =A31+1 -> 23 | B32: England
A33: =A32+1 -> 24 | B33: Croatia
A34: =A33+1 -> 25 | B34: Curacao
A35: =A34+1 -> 26 | B35: Zweden
A36: =A35+1 -> 27 | B36: Uzbekistan
A37: =A36+1 -> 28 | B37: New Zealand
A38: =A37+1 -> 29 | B38: South Korea
A39: =A38+1 -> 30 | B39: Australie
... A41: =A40+1 -> 32 | B41: Senegal

Sheet Groepsfase Niek
J6: Punten
A8: Nr | B8: Datum | C8: Groep | D8: Thuis | E8: T | F8: U | G8: Uit | H8: Res
A9: 1 | B9: 2026-06-11 | C9: A | D9: Mexico | E9: 2 | F9: 1 | G9: South Africa | H9: =IF(AND(E9<>"",F9<>""),IF(E9>F9,"H",IF(E9<F9,"A","D")),"") -> H | J9: 1
A10: 2 | B10: 2026-06-11 | C10: A | D10: South Korea | E10: 1 | F10: 1 | G10: Tsjechië | H10: =IF(AND(E10<>"",F10<>""),IF(E10>F10,"H",IF(E10<F10,"A","D")),"") -> D | J10: 0
A11: 3 | B11: 2026-06-18 | C11: A | D11: Tsjechië | E11: 1 | F11: 0 | G11: South Africa | H11: =IF(AND(E11<>"",F11<>""),IF(E11>F11,"H",IF(E11<F11,"A","D")),"") -> H
A12: 4 | B12: 2026-06-18 | C12: A | D12: Mexico | E12: 2 | F12: 1 | G12: South Korea | H12: =IF(AND(E12<>"",F12<>""),IF(E12>F12,"H",IF(E12<F12,"A","D")),"") -> H
A13: 5 | B13: 2026-06-24 | C13: A | D13: Tsjechië | E13: 1 | F13: 1 | G13: Mexico | H13: =IF(AND(E13<>"",F13<>""),IF(E13>F13,"H",IF(E13<F13,"A","D")),"") -> D
A14: 6 | B14: 2026-06-24 | C14: A | D14: South Africa | E14: 0 | F14: 2 | G14: South Korea | H14: =IF(AND(E14<>"",F14<>""),IF(E14>F14,"H",IF(E14<F14,"A","D")),"") -> A
A15: 7 | B15: 2026-06-12 | C15: B | D15: Canada | E15: 1 | F15: 1 | G15: Bosnië-Herzegovina | H15: =IF(AND(E15<>"",F15<>""),IF(E15>F15,"H",IF(E15<F15,"A","D")),"") -> D | J15: 3
A16: 8 | B16: 2026-06-13 | C16: B | D16: Qatar | E16: 0 | F16: 2 | G16: Switzerland | H16: =IF(AND(E16<>"",F16<>""),IF(E16>F16,"H",IF(E16<F16,"A","D")),"") -> A | J16: 0
A17: 9 | B17: 2026-06-18 | C17: B | D17: Switzerland | E17: 2 | F17: 1 | G17: Bosnië-Herzegovina | H17: =IF(AND(E17<>"",F17<>""),IF(E17>F17,"H",IF(E17<F17,"A","D")),"") -> H
A18: 10 | B18: 2026-06-18 | C18: B | D18: Canada | E18: 2 | F18: 0 | G18: Qatar | H18: =IF(AND(E18<>"",F18<>""),IF(E18>F18,"H",IF(E18<F18,"A","D")),"") -> H
A19: 11 | B19: 2026-06-24 | C19: B | D19: Switzerland | E19: 1 | F19: 1 | G19: Canada | H19: =IF(AND(E19<>"",F19<>""),IF(E19>F19,"H",IF(E19<F19,"A","D")),"") -> D
A20: 12 | B20: 2026-06-24 | C20: B | D20: Bosnië-Herzegovina | E20: 1 | F20: 0 | G20: Qatar | H20: =IF(AND(E20<>"",F20<>""),IF(E20>F20,"H",IF(E20<F20,"A","D")),"") -> H
A21: 13 | B21: 2026-06-13 | C21: C | D21: Brazil | E21: 2 | F21: 2 | G21: Morocco | H21: =IF(AND(E21<>"",F21<>""),IF(E21>F21,"H",IF(E21<F21,"A","D")),"") -> D | J21: 1
A22: 14 | B22: 2026-06-13 | C22: C | D22: Haiti | E22: 0 | F22: 2 | G22: Scotland | H22: =IF(AND(E22<>"",F22<>""),IF(E22>F22,"H",IF(E22<F22,"A","D")),"") -> A | J22: 1
A23: 15 | B23: 2026-06-19 | C23: C | D23: Scotland | E23: 1 | F23: 2 | G23: Morocco | H23: =IF(AND(E23<>"",F23<>""),IF(E23>F23,"H",IF(E23<F23,"A","D")),"") -> A
A24: 16 | B24: 2026-06-19 | C24: C | D24: Brazil | E24: 3 | F24: 0 | G24: Haiti | H24: =IF(AND(E24<>"",F24<>""),IF(E24>F24,"H",IF(E24<F24,"A","D")),"") -> H
A25: 17 | B25: 2026-06-24 | C25: C | D25: Scotland | E25: 1 | F25: 2 | G25: Brazil | H25: =IF(AND(E25<>"",F25<>""),IF(E25>F25,"H",IF(E25<F25,"A","D")),"") -> A
A26: 18 | B26: 2026-06-24 | C26: C | D26: Morocco | E26: 2 | F26: 0 | G26: Haiti | H26: =IF(AND(E26<>"",F26<>""),IF(E26>F26,"H",IF(E26<F26,"A","D")),"") -> H
A27: 19 | B27: 2026-06-12 | C27: D | D27: USA | E27: 1 | F27: 1 | G27: Paraguay | H27: =IF(AND(E27<>"",F27<>""),IF(E27>F27,"H",IF(E27<F27,"A","D")),"") -> D | J27: 0
A28: 20 | B28: 2026-06-13 | C28: D | D28: Australia | E28: 0 | F28: 2 | G28: Turkije | H28: =IF(AND(E28<>"",F28<>""),IF(E28>F28,"H",IF(E28<F28,"A","D")),"") -> A | J28: 0
A29: 21 | B29: 2026-06-19 | C29: D | D29: USA | E29: 2 | F29: 1 | G29: Australia | H29: =IF(AND(E29<>"",F29<>""),IF(E29>F29,"H",IF(E29<F29,"A","D")),"") -> H
A30: 22 | B30: 2026-06-19 | C30: D | D30: Turkije | E30: 1 | F30: 0 | G30: Paraguay | H30: =IF(AND(E30<>"",F30<>""),IF(E30>F30,"H",IF(E30<F30,"A","D")),"") -> H
A31: 23 | B31: 2026-06-25 | C31: D | D31: Turkije | E31: 2 | F31: 1 | G31: USA | H31: =IF(AND(E31<>"",F31<>""),IF(E31>F31,"H",IF(E31<F31,"A","D")),"") -> H
A32: 24 | B32: 2026-06-25 | C32: D | D32: Paraguay | E32: 1 | F32: 0 | G32: Australia | H32: =IF(AND(E32<>"",F32<>""),IF(E32>F32,"H",IF(E32<F32,"A","D")),"") -> H
A33: 25 | B33: 2026-06-14 | C33: E | D33: Germany | E33: 3 | F33: 0 | G33: Curaçao | H33: =IF(AND(E33<>"",F33<>""),IF(E33>F33,"H",IF(E33<F33,"A","D")),"") -> H | J33: 1
A34: 26 | B34: 2026-06-14 | C34: E | D34: Ivory Coast | E34: 1 | F34: 2 | G34: Ecuador | H34: =IF(AND(E34<>"",F34<>""),IF(E34>F34,"H",IF(E34<F34,"A","D")),"") -> A | J34: 0
A35: 27 | B35: 2026-06-20 | C35: E | D35: Germany | E35: 2 | F35: 0 | G35: Ivory Coast | H35: =IF(AND(E35<>"",F35<>""),IF(E35>F35,"H",IF(E35<F35,"A","D")),"") -> H
A36: 28 | B36: 2026-06-20 | C36: E | D36: Ecuador | E36: 2 | F36: 0 | G36: Curaçao | H36: =IF(AND(E36<>"",F36<>""),IF(E36>F36,"H",IF(E36<F36,"A","D")),"") -> H
A37: 29 | B37: 2026-06-25 | C37: E | D37: Ecuador | E37: 0 | F37: 2 | G37: Germany | H37: =IF(AND(E37<>"",F37<>""),IF(E37>F37,"H",IF(E37<F37,"A","D")),"") -> A
A38: 30 | B38: 2026-06-25 | C38: E | D38: Curaçao | E38: 1 | F38: 2 | G38: Ivory Coast | H38: =IF(AND(E38<>"",F38<>""),IF(E38>F38,"H",IF(E38<F38,"A","D")),"") -> A
A39: 31 | B39: 2026-06-14 | C39: F | D39: Netherlands | E39: 2 | F39: 1 | G39: Japan | H39: =IF(AND(E39<>"",F39<>""),IF(E39>F39,"H",IF(E39<F39,"A","D")),"") -> H | J39: 0
A40: 32 | B40: 2026-06-14 | C40: F | D40: Zweden | E40: 1 | F40: 0 | G40: Tunisia | H40: =IF(AND(E40<>"",F40<>""),IF(E40>F40,"H",IF(E40<F40,"A","D")),"") -> H | J40: 1
A41: 33 | B41: 2026-06-20 | C41: F | D41: Netherlands | E41: 2 | F41: 1 | G41: Zweden | H41: =IF(AND(E41<>"",F41<>""),IF(E41>F41,"H",IF(E41<F41,"A","D")),"") -> H
A42: 34 | B42: 2026-06-20 | C42: F | D42: Tunisia | E42: 0 | F42: 1 | G42: Japan | H42: =IF(AND(E42<>"",F42<>""),IF(E42>F42,"H",IF(E42<F42,"A","D")),"") -> A
A43: 35 | B43: 2026-06-25 | C43: F | D43: Japan | E43: 1 | F43: 1 | G43: Zweden | H43: =IF(AND(E43<>"",F43<>""),IF(E43>F43,"H",IF(E43<F43,"A","D")),"") -> D
A44: 36 | B44: 2026-06-25 | C44: F | D44: Tunisia | E44: 0 | F44: 2 | G44: Netherlands | H44: =IF(AND(E44<>"",F44<>""),IF(E44>F44,"H",IF(E44<F44,"A","D")),"") -> A
A45: 37 | B45: 2026-06-15 | C45: G | D45: Belgium | E45: 2 | F45: 0 | G45: Egypt | H45: =IF(AND(E45<>"",F45<>""),IF(E45>F45,"H",IF(E45<F45,"A","D")),"") -> H | J45: 0
A46: 38 | B46: 2026-06-15 | C46: G | D46: Iran | E46: 2 | F46: 0 | G46: New Zealand | H46: =IF(AND(E46<>"",F46<>""),IF(E46>F46,"H",IF(E46<F46,"A","D")),"") -> H | J46: 0
A47: 39 | B47: 2026-06-21 | C47: G | D47: Belgium | E47: 1 | F47: 1 | G47: Iran | H47: =IF(AND(E47<>"",F47<>""),IF(E47>F47,"H",IF(E47<F47,"A","D")),"") -> D
A48: 40 | B48: 2026-06-21 | C48: G | D48: New Zealand | E48: 1 | F48: 2 | G48: Egypt | H48: =IF(AND(E48<>"",F48<>""),IF(E48>F48,"H",IF(E48<F48,"A","D")),"") -> A
A49: 41 | B49: 2026-06-26 | C49: G | D49: Egypt | E49: 1 | F49: 2 | G49: Iran | H49: =IF(AND(E49<>"",F49<>""),IF(E49>F49,"H",IF(E49<F49,"A","D")),"") -> A
A50: 42 | B50: 2026-06-26 | C50: G | D50: New Zealand | E50: 0 | F50: 2 | G50: Belgium | H50: =IF(AND(E50<>"",F50<>""),IF(E50>F50,"H",IF(E50<F50,"A","D")),"") -> A
A51: 43 | B51: 2026-06-15 | C51: H | D51: Spain | E51: 3 | F51: 0 | G51: Cape Verde | H51: =IF(AND(E51<>"",F51<>""),IF(E51>F51,"H",IF(E51<F51,"A","D")),"") -> H | J51: 0
A52: 44 | B52: 2026-06-15 | C52: H | D52: Saudi Arabia | E52: 1 | F52: 2 | G52: Uruguay | H52: =IF(AND(E52<>"",F52<>""),IF(E52>F52,"H",IF(E52<F52,"A","D")),"") -> A | J52: 0
A53: 45 | B53: 2026-06-21 | C53: H | D53: Spain | E53: 2 | F53: 1 | G53: Saudi Arabia | H53: =IF(AND(E53<>"",F53<>""),IF(E53>F53,"H",IF(E53<F53,"A","D")),"") -> H
A54: 46 | B54: 2026-06-21 | C54: H | D54: Uruguay | E54: 1 | F54: 0 | G54: Cape Verde | H54: =IF(AND(E54<>"",F54<>""),IF(E54>F54,"H",IF(E54<F54,"A","D")),"") -> H
A55: 47 | B55: 2026-06-26 | C55: H | D55: Cape Verde | E55: 0 | F55: 1 | G55: Saudi Arabia | H55: =IF(AND(E55<>"",F55<>""),IF(E55>F55,"H",IF(E55<F55,"A","D")),"") -> A
A56: 48 | B56: 2026-06-26 | C56: H | D56: Uruguay | E56: 1 | F56: 2 | G56: Spain | H56: =IF(AND(E56<>"",F56<>""),IF(E56>F56,"H",IF(E56<F56,"A","D")),"") -> A
A57: 49 | B57: 2026-06-16 | C57: I | D57: France | E57: 2 | F57: 1 | G57: Senegal | H57: =IF(AND(E57<>"",F57<>""),IF(E57>F57,"H",IF(E57<F57,"A","D")),"") -> H | J57: 1
A58: 50 | B58: 2026-06-16 | C58: I | D58: Irak | E58: 0 | F58: 2 | G58: Norway | H58: =IF(AND(E58<>"",F58<>""),IF(E58>F58,"H",IF(E58<F58,"A","D")),"") -> A | J58: 1
A59: 51 | B59: 2026-06-22 | C59: I | D59: France | E59: 3 | F59: 0 | G59: Irak | H59: =IF(AND(E59<>"",F59<>""),IF(E59>F59,"H",IF(E59<F59,"A","D")),"") -> H
A60: 52 | B60: 2026-06-22 | C60: I | D60: Norway | E60: 2 | F60: 1 | G60: Senegal | H60: =IF(AND(E60<>"",F60<>""),IF(E60>F60,"H",IF(E60<F60,"A","D")),"") -> H
A61: 53 | B61: 2026-06-26 | C61: I | D61: Norway | E61: 2 | F61: 2 | G61: France | H61: =IF(AND(E61<>"",F61<>""),IF(E61>F61,"H",IF(E61<F61,"A","D")),"") -> D
A62: 54 | B62: 2026-06-26 | C62: I | D62: Senegal | E62: 2 | F62: 0 | G62: Irak | H62: =IF(AND(E62<>"",F62<>""),IF(E62>F62,"H",IF(E62<F62,"A","D")),"") -> H
A63: 55 | B63: 2026-06-16 | C63: J | D63: Argentina | E63: 1 | F63: 1 | G63: Algeria | H63: =IF(AND(E63<>"",F63<>""),IF(E63>F63,"H",IF(E63<F63,"A","D")),"") -> D | J63: 0
A64: 56 | B64: 2026-06-16 | C64: J | D64: Austria | E64: 1 | F64: 0 | G64: Jordan | H64: =IF(AND(E64<>"",F64<>""),IF(E64>F64,"H",IF(E64<F64,"A","D")),"") -> H | J64: 1
A65: 57 | B65: 2026-06-22 | C65: J | D65: Argentina | E65: 2 | F65: 1 | G65: Austria | H65: =IF(AND(E65<>"",F65<>""),IF(E65>F65,"H",IF(E65<F65,"A","D")),"") -> H
A66: 58 | B66: 2026-06-22 | C66: J | D66: Jordan | E66: 0 | F66: 1 | G66: Algeria | H66: =IF(AND(E66<>"",F66<>""),IF(E66>F66,"H",IF(E66<F66,"A","D")),"") -> A
A67: 59 | B67: 2026-06-27 | C67: J | D67: Algeria | E67: 0 | F67: 1 | G67: Austria | H67: =IF(AND(E67<>"",F67<>""),IF(E67>F67,"H",IF(E67<F67,"A","D")),"") -> A
A68: 60 | B68: 2026-06-27 | C68: J | D68: Jordan | E68: 0 | F68: 2 | G68: Argentina | H68: =IF(AND(E68<>"",F68<>""),IF(E68>F68,"H",IF(E68<F68,"A","D")),"") -> A
A69: 61 | B69: 2026-06-17 | C69: K | D69: Portugal | E69: 2 | F69: 0 | G69: DR Congo | H69: =IF(AND(E69<>"",F69<>""),IF(E69>F69,"H",IF(E69<F69,"A","D")),"") -> H | J69: 0
A70: 62 | B70: 2026-06-17 | C70: K | D70: Uzbekistan | E70: 0 | F70: 1 | G70: Colombia | H70: =IF(AND(E70<>"",F70<>""),IF(E70>F70,"H",IF(E70<F70,"A","D")),"") -> A | J70: 1
A71: 63 | B71: 2026-06-23 | C71: K | D71: Portugal | E71: 2 | F71: 0 | G71: Uzbekistan | H71: =IF(AND(E71<>"",F71<>""),IF(E71>F71,"H",IF(E71<F71,"A","D")),"") -> H
A72: 64 | B72: 2026-06-23 | C72: K | D72: Colombia | E72: 2 | F72: 1 | G72: DR Congo | H72: =IF(AND(E72<>"",F72<>""),IF(E72>F72,"H",IF(E72<F72,"A","D")),"") -> H
A73: 65 | B73: 2026-06-27 | C73: K | D73: Colombia | E73: 1 | F73: 2 | G73: Portugal | H73: =IF(AND(E73<>"",F73<>""),IF(E73>F73,"H",IF(E73<F73,"A","D")),"") -> A
A74: 66 | B74: 2026-06-27 | C74: K | D74: DR Congo | E74: 1 | F74: 0 | G74: Uzbekistan | H74: =IF(AND(E74<>"",F74<>""),IF(E74>F74,"H",IF(E74<F74,"A","D")),"") -> H
A75: 67 | B75: 2026-06-17 | C75: L | D75: England | E75: 1 | F75: 1 | G75: Croatia | H75: =IF(AND(E75<>"",F75<>""),IF(E75>F75,"H",IF(E75<F75,"A","D")),"") -> D | J75: 0
A76: 68 | B76: 2026-06-17 | C76: L | D76: Ghana | E76: 1 | F76: 0 | G76: Panama | H76: =IF(AND(E76<>"",F76<>""),IF(E76>F76,"H",IF(E76<F76,"A","D")),"") -> H | J76: 3
A77: 69 | B77: 2026-06-23 | C77: L | D77: England | E77: 1 | F77: 0 | G77: Ghana | H77: =IF(AND(E77<>"",F77<>""),IF(E77>F77,"H",IF(E77<F77,"A","D")),"") -> H
A78: 70 | B78: 2026-06-23 | C78: L | D78: Panama | E78: 1 | F78: 1 | G78: Croatia | H78: =IF(AND(E78<>"",F78<>""),IF(E78>F78,"H",IF(E78<F78,"A","D")),"") -> D
A79: 71 | B79: 2026-06-27 | C79: L | D79: Panama | E79: 0 | F79: 1 | G79: England | H79: =IF(AND(E79<>"",F79<>""),IF(E79>F79,"H",IF(E79<F79,"A","D")),"") -> A
A80: 72 | B80: 2026-06-27 | C80: L | D80: Croatia | E80: 2 | F80: 1 | G80: Ghana | H80: =IF(AND(E80<>"",F80<>""),IF(E80>F80,"H",IF(E80<F80,"A","D")),"") -> H
J82: =SUM(J8:J80) -> 15

Sheet Knock-out Niek 
A8: Teams laatste 32 | D8: Teams laatste 16 | G8: Teams laatste 8 | J8: Teams laatste 4 | M8: Teams Finale | P8: Winnaar
A10: 1 | B10: Germany | D10: 1 | E10: Germany | G10: 1 | H10: France | J10: 1 | K10: Portugal | M10: 1 | N10: Netherlands | P10: 1 | Q10: Portugal
A11: =A10+1 -> 2 | B11: Scotland | D11: =D10+1 -> 2 | E11: France | G11: =G10+1 -> 2 | H11: Netherlands | J11: =J10+1 -> 2 | K11: England | M11: =M10+1 -> 2 | N11: Portugal
A12: =A11+1 -> 3 | B12: France | D12: =D11+1 -> 3 | E12: Tsjechië | G12: =G11+1 -> 3 | H12: Spain | J12: =J11+1 -> 3 | K12: Spain
A13: =A12+1 -> 4 | B13: Sweden | D13: =D12+1 -> 4 | E13: Netherlands | G13: =G12+1 -> 4 | H13: Turkey | J13: =J12+1 -> 4 | K13: Netherlands
A14: =A13+1 -> 5 | B14: Tsjechië | D14: =D13+1 -> 5 | E14: Colombia | G14: =G13+1 -> 5 | H14: Norway
A15: =A14+1 -> 6 | B15: Canada | D15: =D14+1 -> 6 | E15: Spain | G15: =G14+1 -> 6 | H15: England
A16: =A15+1 -> 7 | B16: Netherlands | D16: =D15+1 -> 7 | E16: Turkey | G16: =G15+1 -> 7 | H16: Argentinia
A17: =A16+1 -> 8 | B17: Marocco | D17: =D16+1 -> 8 | E17: Belgium | G17: =G16+1 -> 8 | H17: Portugal
A18: =A17+1 -> 9 | B18: Colombia | D18: =D17+1 -> 9 | E18: Brazil
A19: =A18+1 -> 10 | B19: Croatia | D19: =D18+1 -> 10 | E19: Norway
A20: =A19+1 -> 11 | B20: Spain | D20: =D19+1 -> 11 | E20: Mexico | H20: Bonus Vragen:
A21: =A20+1 -> 12 | B21: Austria | D21: =D20+1 -> 12 | E21: England
A22: =A21+1 -> 13 | B22: Turkey | D22: =D21+1 -> 13 | E22: Argentinia | H22: 1. Topscoorder toernooi | K22: Mbappe
A23: =A22+1 -> 14 | B23: Bosnië-Herzegovina | D23: =D22+1 -> 14 | E23: Iran | H23: 2. Land met 1e rode kaart | K23: Iran
A24: =A23+1 -> 15 | B24: Belgium | D24: =D23+1 -> 15 | E24: Switserland | H24: 3. Beste speler toernooi | K24: Bruno Fernandes
A25: =A24+1 -> 16 | B25: South-Korea | D25: =D24+1 -> 16 | E25: Portugal
A26: =A25+1 -> 17 | B26: Brazil | H26: Totaal aantal doelpunten | K26: 236
A27: =A26+1 -> 18 | B27: Japan | H27: (bij gelijke stand)
A28: =A27+1 -> 19 | B28: Ecuador
A29: =A28+1 -> 20 | B29: Norway
A30: =A29+1 -> 21 | B30: Mexico
A31: =A30+1 -> 22 | B31: Saudi Arabia
A32: =A31+1 -> 23 | B32: England
A33: =A32+1 -> 24 | B33: Senegal
A34: =A33+1 -> 25 | B34: Argentinia
A35: =A34+1 -> 26 | B35: Uruguay
A36: =A35+1 -> 27 | B36: USA
A37: =A36+1 -> 28 | B37: Iran
A38: =A37+1 -> 29 | B38: Switserland
A39: =A38+1 -> 30 | B39: Algeria
... A41: =A40+1 -> 32 | B41: Paraguay

Sheet Groepsfase Patrick
J6: Punten
A8: Nr | B8: Datum | C8: Groep | D8: Thuis | E8: T | F8: U | G8: Uit | H8: Res
A9: 1 | B9: 2026-06-11 | C9: A | D9: Mexico | E9: 2 | F9: 0 | G9: South Africa | H9: =IF(AND(E9<>"",F9<>""),IF(E9>F9,"H",IF(E9<F9,"A","D")),"") -> H | J9: 3
A10: 2 | B10: 2026-06-11 | C10: A | D10: South Korea | E10: 1 | F10: 1 | G10: Tsjechië | H10: =IF(AND(E10<>"",F10<>""),IF(E10>F10,"H",IF(E10<F10,"A","D")),"") -> D | J10: 0
A11: 3 | B11: 2026-06-18 | C11: A | D11: Tsjechië | E11: 2 | F11: 1 | G11: South Africa | H11: =IF(AND(E11<>"",F11<>""),IF(E11>F11,"H",IF(E11<F11,"A","D")),"") -> H
A12: 4 | B12: 2026-06-18 | C12: A | D12: Mexico | E12: 1 | F12: 0 | G12: South Korea | H12: =IF(AND(E12<>"",F12<>""),IF(E12>F12,"H",IF(E12<F12,"A","D")),"") -> H
A13: 5 | B13: 2026-06-24 | C13: A | D13: Tsjechië | E13: 1 | F13: 2 | G13: Mexico | H13: =IF(AND(E13<>"",F13<>""),IF(E13>F13,"H",IF(E13<F13,"A","D")),"") -> A
A14: 6 | B14: 2026-06-24 | C14: A | D14: South Africa | E14: 0 | F14: 1 | G14: South Korea | H14: =IF(AND(E14<>"",F14<>""),IF(E14>F14,"H",IF(E14<F14,"A","D")),"") -> A
A15: 7 | B15: 2026-06-12 | C15: B | D15: Canada | E15: 2 | F15: 1 | G15: Bosnië-Herzegovina | H15: =IF(AND(E15<>"",F15<>""),IF(E15>F15,"H",IF(E15<F15,"A","D")),"") -> H | J15: 0
A16: 8 | B16: 2026-06-13 | C16: B | D16: Qatar | E16: 0 | F16: 2 | G16: Switzerland | H16: =IF(AND(E16<>"",F16<>""),IF(E16>F16,"H",IF(E16<F16,"A","D")),"") -> A | J16: 0
A17: 9 | B17: 2026-06-18 | C17: B | D17: Switzerland | E17: 2 | F17: 0 | G17: Bosnië-Herzegovina | H17: =IF(AND(E17<>"",F17<>""),IF(E17>F17,"H",IF(E17<F17,"A","D")),"") -> H
A18: 10 | B18: 2026-06-18 | C18: B | D18: Canada | E18: 2 | F18: 0 | G18: Qatar | H18: =IF(AND(E18<>"",F18<>""),IF(E18>F18,"H",IF(E18<F18,"A","D")),"") -> H
A19: 11 | B19: 2026-06-24 | C19: B | D19: Switzerland | E19: 1 | F19: 1 | G19: Canada | H19: =IF(AND(E19<>"",F19<>""),IF(E19>F19,"H",IF(E19<F19,"A","D")),"") -> D
A20: 12 | B20: 2026-06-24 | C20: B | D20: Bosnië-Herzegovina | E20: 1 | F20: 0 | G20: Qatar | H20: =IF(AND(E20<>"",F20<>""),IF(E20>F20,"H",IF(E20<F20,"A","D")),"") -> H
A21: 13 | B21: 2026-06-13 | C21: C | D21: Brazil | E21: 2 | F21: 1 | G21: Morocco | H21: =IF(AND(E21<>"",F21<>""),IF(E21>F21,"H",IF(E21<F21,"A","D")),"") -> H | J21: 0
A22: 14 | B22: 2026-06-13 | C22: C | D22: Haiti | E22: 0 | F22: 1 | G22: Scotland | H22: =IF(AND(E22<>"",F22<>""),IF(E22>F22,"H",IF(E22<F22,"A","D")),"") -> A | J22: 3
A23: 15 | B23: 2026-06-19 | C23: C | D23: Scotland | E23: 1 | F23: 1 | G23: Morocco | H23: =IF(AND(E23<>"",F23<>""),IF(E23>F23,"H",IF(E23<F23,"A","D")),"") -> D
A24: 16 | B24: 2026-06-19 | C24: C | D24: Brazil | E24: 4 | F24: 0 | G24: Haiti | H24: =IF(AND(E24<>"",F24<>""),IF(E24>F24,"H",IF(E24<F24,"A","D")),"") -> H
A25: 17 | B25: 2026-06-24 | C25: C | D25: Scotland | E25: 1 | F25: 3 | G25: Brazil | H25: =IF(AND(E25<>"",F25<>""),IF(E25>F25,"H",IF(E25<F25,"A","D")),"") -> A
A26: 18 | B26: 2026-06-24 | C26: C | D26: Morocco | E26: 2 | F26: 0 | G26: Haiti | H26: =IF(AND(E26<>"",F26<>""),IF(E26>F26,"H",IF(E26<F26,"A","D")),"") -> H
A27: 19 | B27: 2026-06-12 | C27: D | D27: USA | E27: 2 | F27: 1 | G27: Paraguay | H27: =IF(AND(E27<>"",F27<>""),IF(E27>F27,"H",IF(E27<F27,"A","D")),"") -> H | J27: 1
A28: 20 | B28: 2026-06-13 | C28: D | D28: Australia | E28: 1 | F28: 2 | G28: Turkije | H28: =IF(AND(E28<>"",F28<>""),IF(E28>F28,"H",IF(E28<F28,"A","D")),"") -> A | J28: 0
A29: 21 | B29: 2026-06-19 | C29: D | D29: USA | E29: 2 | F29: 1 | G29: Australia | H29: =IF(AND(E29<>"",F29<>""),IF(E29>F29,"H",IF(E29<F29,"A","D")),"") -> H
A30: 22 | B30: 2026-06-19 | C30: D | D30: Turkije | E30: 1 | F30: 1 | G30: Paraguay | H30: =IF(AND(E30<>"",F30<>""),IF(E30>F30,"H",IF(E30<F30,"A","D")),"") -> D
A31: 23 | B31: 2026-06-25 | C31: D | D31: Turkije | E31: 2 | F31: 2 | G31: USA | H31: =IF(AND(E31<>"",F31<>""),IF(E31>F31,"H",IF(E31<F31,"A","D")),"") -> D
A32: 24 | B32: 2026-06-25 | C32: D | D32: Paraguay | E32: 1 | F32: 2 | G32: Australia | H32: =IF(AND(E32<>"",F32<>""),IF(E32>F32,"H",IF(E32<F32,"A","D")),"") -> A
A33: 25 | B33: 2026-06-14 | C33: E | D33: Germany | E33: 3 | F33: 0 | G33: Curaçao | H33: =IF(AND(E33<>"",F33<>""),IF(E33>F33,"H",IF(E33<F33,"A","D")),"") -> H | J33: 1
A34: 26 | B34: 2026-06-14 | C34: E | D34: Ivory Coast | E34: 1 | F34: 1 | G34: Ecuador | H34: =IF(AND(E34<>"",F34<>""),IF(E34>F34,"H",IF(E34<F34,"A","D")),"") -> D | J34: 0
A35: 27 | B35: 2026-06-20 | C35: E | D35: Germany | E35: 2 | F35: 1 | G35: Ivory Coast | H35: =IF(AND(E35<>"",F35<>""),IF(E35>F35,"H",IF(E35<F35,"A","D")),"") -> H
A36: 28 | B36: 2026-06-20 | C36: E | D36: Ecuador | E36: 2 | F36: 1 | G36: Curaçao | H36: =IF(AND(E36<>"",F36<>""),IF(E36>F36,"H",IF(E36<F36,"A","D")),"") -> H
A37: 29 | B37: 2026-06-25 | C37: E | D37: Ecuador | E37: 1 | F37: 2 | G37: Germany | H37: =IF(AND(E37<>"",F37<>""),IF(E37>F37,"H",IF(E37<F37,"A","D")),"") -> A
A38: 30 | B38: 2026-06-25 | C38: E | D38: Curaçao | E38: 1 | F38: 1 | G38: Ivory Coast | H38: =IF(AND(E38<>"",F38<>""),IF(E38>F38,"H",IF(E38<F38,"A","D")),"") -> D
A39: 31 | B39: 2026-06-14 | C39: F | D39: Netherlands | E39: 3 | F39: 1 | G39: Japan | H39: =IF(AND(E39<>"",F39<>""),IF(E39>F39,"H",IF(E39<F39,"A","D")),"") -> H | J39: 0
A40: 32 | B40: 2026-06-14 | C40: F | D40: Zweden | E40: 2 | F40: 0 | G40: Tunisia | H40: =IF(AND(E40<>"",F40<>""),IF(E40>F40,"H",IF(E40<F40,"A","D")),"") -> H | J40: 1
A41: 33 | B41: 2026-06-20 | C41: F | D41: Netherlands | E41: 2 | F41: 1 | G41: Zweden | H41: =IF(AND(E41<>"",F41<>""),IF(E41>F41,"H",IF(E41<F41,"A","D")),"") -> H
A42: 34 | B42: 2026-06-20 | C42: F | D42: Tunisia | E42: 0 | F42: 2 | G42: Japan | H42: =IF(AND(E42<>"",F42<>""),IF(E42>F42,"H",IF(E42<F42,"A","D")),"") -> A
A43: 35 | B43: 2026-06-25 | C43: F | D43: Japan | E43: 1 | F43: 1 | G43: Zweden | H43: =IF(AND(E43<>"",F43<>""),IF(E43>F43,"H",IF(E43<F43,"A","D")),"") -> D
A44: 36 | B44: 2026-06-25 | C44: F | D44: Tunisia | E44: 0 | F44: 3 | G44: Netherlands | H44: =IF(AND(E44<>"",F44<>""),IF(E44>F44,"H",IF(E44<F44,"A","D")),"") -> A
A45: 37 | B45: 2026-06-15 | C45: G | D45: Belgium | E45: 2 | F45: 0 | G45: Egypt | H45: =IF(AND(E45<>"",F45<>""),IF(E45>F45,"H",IF(E45<F45,"A","D")),"") -> H | J45: 0
A46: 38 | B46: 2026-06-15 | C46: G | D46: Iran | E46: 1 | F46: 0 | G46: New Zealand | H46: =IF(AND(E46<>"",F46<>""),IF(E46>F46,"H",IF(E46<F46,"A","D")),"") -> H | J46: 0
A47: 39 | B47: 2026-06-21 | C47: G | D47: Belgium | E47: 2 | F47: 1 | G47: Iran | H47: =IF(AND(E47<>"",F47<>""),IF(E47>F47,"H",IF(E47<F47,"A","D")),"") -> H
A48: 40 | B48: 2026-06-21 | C48: G | D48: New Zealand | E48: 1 | F48: 2 | G48: Egypt | H48: =IF(AND(E48<>"",F48<>""),IF(E48>F48,"H",IF(E48<F48,"A","D")),"") -> A
A49: 41 | B49: 2026-06-26 | C49: G | D49: Egypt | E49: 1 | F49: 1 | G49: Iran | H49: =IF(AND(E49<>"",F49<>""),IF(E49>F49,"H",IF(E49<F49,"A","D")),"") -> D
A50: 42 | B50: 2026-06-26 | C50: G | D50: New Zealand | E50: 0 | F50: 3 | G50: Belgium | H50: =IF(AND(E50<>"",F50<>""),IF(E50>F50,"H",IF(E50<F50,"A","D")),"") -> A
A51: 43 | B51: 2026-06-15 | C51: H | D51: Spain | E51: 3 | F51: 0 | G51: Cape Verde | H51: =IF(AND(E51<>"",F51<>""),IF(E51>F51,"H",IF(E51<F51,"A","D")),"") -> H | J51: 0
A52: 44 | B52: 2026-06-15 | C52: H | D52: Saudi Arabia | E52: 0 | F52: 2 | G52: Uruguay | H52: =IF(AND(E52<>"",F52<>""),IF(E52>F52,"H",IF(E52<F52,"A","D")),"") -> A | J52: 0
A53: 45 | B53: 2026-06-21 | C53: H | D53: Spain | E53: 2 | F53: 0 | G53: Saudi Arabia | H53: =IF(AND(E53<>"",F53<>""),IF(E53>F53,"H",IF(E53<F53,"A","D")),"") -> H
A54: 46 | B54: 2026-06-21 | C54: H | D54: Uruguay | E54: 2 | F54: 0 | G54: Cape Verde | H54: =IF(AND(E54<>"",F54<>""),IF(E54>F54,"H",IF(E54<F54,"A","D")),"") -> H
A55: 47 | B55: 2026-06-26 | C55: H | D55: Cape Verde | E55: 1 | F55: 0 | G55: Saudi Arabia | H55: =IF(AND(E55<>"",F55<>""),IF(E55>F55,"H",IF(E55<F55,"A","D")),"") -> H
A56: 48 | B56: 2026-06-26 | C56: H | D56: Uruguay | E56: 1 | F56: 2 | G56: Spain | H56: =IF(AND(E56<>"",F56<>""),IF(E56>F56,"H",IF(E56<F56,"A","D")),"") -> A
A57: 49 | B57: 2026-06-16 | C57: I | D57: France | E57: 2 | F57: 1 | G57: Senegal | H57: =IF(AND(E57<>"",F57<>""),IF(E57>F57,"H",IF(E57<F57,"A","D")),"") -> H | J57: 1
A58: 50 | B58: 2026-06-16 | C58: I | D58: Irak | E58: 1 | F58: 2 | G58: Norway | H58: =IF(AND(E58<>"",F58<>""),IF(E58>F58,"H",IF(E58<F58,"A","D")),"") -> A | J58: 1
A59: 51 | B59: 2026-06-22 | C59: I | D59: France | E59: 3 | F59: 0 | G59: Irak | H59: =IF(AND(E59<>"",F59<>""),IF(E59>F59,"H",IF(E59<F59,"A","D")),"") -> H
A60: 52 | B60: 2026-06-22 | C60: I | D60: Norway | E60: 2 | F60: 1 | G60: Senegal | H60: =IF(AND(E60<>"",F60<>""),IF(E60>F60,"H",IF(E60<F60,"A","D")),"") -> H
A61: 53 | B61: 2026-06-26 | C61: I | D61: Norway | E61: 1 | F61: 2 | G61: France | H61: =IF(AND(E61<>"",F61<>""),IF(E61>F61,"H",IF(E61<F61,"A","D")),"") -> A
A62: 54 | B62: 2026-06-26 | C62: I | D62: Senegal | E62: 2 | F62: 0 | G62: Irak | H62: =IF(AND(E62<>"",F62<>""),IF(E62>F62,"H",IF(E62<F62,"A","D")),"") -> H
A63: 55 | B63: 2026-06-16 | C63: J | D63: Argentina | E63: 3 | F63: 0 | G63: Algeria | H63: =IF(AND(E63<>"",F63<>""),IF(E63>F63,"H",IF(E63<F63,"A","D")),"") -> H | J63: 3
A64: 56 | B64: 2026-06-16 | C64: J | D64: Austria | E64: 2 | F64: 0 | G64: Jordan | H64: =IF(AND(E64<>"",F64<>""),IF(E64>F64,"H",IF(E64<F64,"A","D")),"") -> H | J64: 1
A65: 57 | B65: 2026-06-22 | C65: J | D65: Argentina | E65: 2 | F65: 1 | G65: Austria | H65: =IF(AND(E65<>"",F65<>""),IF(E65>F65,"H",IF(E65<F65,"A","D")),"") -> H
A66: 58 | B66: 2026-06-22 | C66: J | D66: Jordan | E66: 1 | F66: 1 | G66: Algeria | H66: =IF(AND(E66<>"",F66<>""),IF(E66>F66,"H",IF(E66<F66,"A","D")),"") -> D
A67: 59 | B67: 2026-06-27 | C67: J | D67: Algeria | E67: 1 | F67: 2 | G67: Austria | H67: =IF(AND(E67<>"",F67<>""),IF(E67>F67,"H",IF(E67<F67,"A","D")),"") -> A
A68: 60 | B68: 2026-06-27 | C68: J | D68: Jordan | E68: 0 | F68: 3 | G68: Argentina | H68: =IF(AND(E68<>"",F68<>""),IF(E68>F68,"H",IF(E68<F68,"A","D")),"") -> A
A69: 61 | B69: 2026-06-17 | C69: K | D69: Portugal | E69: 2 | F69: 0 | G69: DR Congo | H69: =IF(AND(E69<>"",F69<>""),IF(E69>F69,"H",IF(E69<F69,"A","D")),"") -> H | J69: 0
A70: 62 | B70: 2026-06-17 | C70: K | D70: Uzbekistan | E70: 1 | F70: 2 | G70: Colombia | H70: =IF(AND(E70<>"",F70<>""),IF(E70>F70,"H",IF(E70<F70,"A","D")),"") -> A | J70: 1
A71: 63 | B71: 2026-06-23 | C71: K | D71: Portugal | E71: 3 | F71: 1 | G71: Uzbekistan | H71: =IF(AND(E71<>"",F71<>""),IF(E71>F71,"H",IF(E71<F71,"A","D")),"") -> H
A72: 64 | B72: 2026-06-23 | C72: K | D72: Colombia | E72: 2 | F72: 1 | G72: DR Congo | H72: =IF(AND(E72<>"",F72<>""),IF(E72>F72,"H",IF(E72<F72,"A","D")),"") -> H
A73: 65 | B73: 2026-06-27 | C73: K | D73: Colombia | E73: 1 | F73: 2 | G73: Portugal | H73: =IF(AND(E73<>"",F73<>""),IF(E73>F73,"H",IF(E73<F73,"A","D")),"") -> A
A74: 66 | B74: 2026-06-27 | C74: K | D74: DR Congo | E74: 1 | F74: 1 | G74: Uzbekistan | H74: =IF(AND(E74<>"",F74<>""),IF(E74>F74,"H",IF(E74<F74,"A","D")),"") -> D
A75: 67 | B75: 2026-06-17 | C75: L | D75: England | E75: 2 | F75: 1 | G75: Croatia | H75: =IF(AND(E75<>"",F75<>""),IF(E75>F75,"H",IF(E75<F75,"A","D")),"") -> H | J75: 1
A76: 68 | B76: 2026-06-17 | C76: L | D76: Ghana | E76: 2 | F76: 0 | G76: Panama | H76: =IF(AND(E76<>"",F76<>""),IF(E76>F76,"H",IF(E76<F76,"A","D")),"") -> H | J76: 1
A77: 69 | B77: 2026-06-23 | C77: L | D77: England | E77: 3 | F77: 1 | G77: Ghana | H77: =IF(AND(E77<>"",F77<>""),IF(E77>F77,"H",IF(E77<F77,"A","D")),"") -> H
A78: 70 | B78: 2026-06-23 | C78: L | D78: Panama | E78: 0 | F78: 2 | G78: Croatia | H78: =IF(AND(E78<>"",F78<>""),IF(E78>F78,"H",IF(E78<F78,"A","D")),"") -> A
A79: 71 | B79: 2026-06-27 | C79: L | D79: Panama | E79: 0 | F79: 3 | G79: England | H79: =IF(AND(E79<>"",F79<>""),IF(E79>F79,"H",IF(E79<F79,"A","D")),"") -> A
A80: 72 | B80: 2026-06-27 | C80: L | D80: Croatia | E80: 1 | F80: 1 | G80: Ghana | H80: =IF(AND(E80<>"",F80<>""),IF(E80>F80,"H",IF(E80<F80,"A","D")),"") -> D
J82: =SUM(J8:J80) -> 18

Sheet Knock-out Patrick 
A8: Teams laatste 32 | D8: Teams laatste 16 | G8: Teams laatste 8 | J8: Teams laatste 4 | M8: Teams Finale | P8: Winnaar
A10: 1 | B10: Mexico | D10: 1 | E10: Netherlands | G10: 1 | H10: Netherlands | J10: 1 | K10: Netherlands | M10: 1 | N10: Netherlands | P10: 1 | Q10: Netherlands
A11: =A10+1 -> 2 | B11: South Korea | D11: =D10+1 -> 2 | E11: Brazil | G11: =G10+1 -> 2 | H11: Brazil | J11: =J10+1 -> 2 | K11: Argentina | M11: =M10+1 -> 2 | N11: France
A12: =A11+1 -> 3 | B12: Canada | D12: =D11+1 -> 3 | E12: Argentina | G12: =G11+1 -> 3 | H12: Argentina | J12: =J11+1 -> 3 | K12: France
A13: =A12+1 -> 4 | B13: Switzerland | D13: =D12+1 -> 4 | E13: France | G13: =G12+1 -> 4 | H13: France | J13: =J12+1 -> 4 | K13: Spain
A14: =A13+1 -> 5 | B14: Brazil | D14: =D13+1 -> 5 | E14: Spain | G14: =G13+1 -> 5 | H14: Spain
A15: =A14+1 -> 6 | B15: Morocco | D15: =D14+1 -> 6 | E15: England | G15: =G14+1 -> 6 | H15: England
A16: =A15+1 -> 7 | B16: USA | D16: =D15+1 -> 7 | E16: Portugal | G16: =G15+1 -> 7 | H16: Portugal
A17: =A16+1 -> 8 | B17: Turkije | D17: =D16+1 -> 8 | E17: Germany | G17: =G16+1 -> 8 | H17: Germany
A18: =A17+1 -> 9 | B18: Germany | D18: =D17+1 -> 9 | E18: Belgium
A19: =A18+1 -> 10 | B19: Curaçao | D19: =D18+1 -> 10 | E19: Uruguay
A20: =A19+1 -> 11 | B20: Netherlands | D20: =D19+1 -> 11 | E20: Croatia | H20: Bonus Vragen:
A21: =A20+1 -> 12 | B21: Japan | D21: =D20+1 -> 12 | E21: Morocco
A22: =A21+1 -> 13 | B22: Belgium | D22: =D21+1 -> 13 | E22: USA | H22: 1. Topscoorder toernooi | K22: Jonathan David (Canada)
A23: =A22+1 -> 14 | B23: Egypt | D23: =D22+1 -> 14 | E23: Japan | H23: 2. Land met 1e rode kaart | K23: Uruguay
A24: =A23+1 -> 15 | B24: Spain | D24: =D23+1 -> 15 | E24: Canada | H24: 3. Beste speler toernooi | K24: Frenkie de Jong (Netherlands)
A25: =A24+1 -> 16 | B25: Uruguay | D25: =D24+1 -> 16 | E25: Curaçao
A26: =A25+1 -> 17 | B26: France | H26: Totaal aantal doelpunten | K26: 172
A27: =A26+1 -> 18 | B27: Norway | H27: (bij gelijke stand)
A28: =A27+1 -> 19 | B28: Argentina
A29: =A28+1 -> 20 | B29: Austria
A30: =A29+1 -> 21 | B30: Portugal
A31: =A30+1 -> 22 | B31: Colombia
A32: =A31+1 -> 23 | B32: England
A33: =A32+1 -> 24 | B33: Croatia
A34: =A33+1 -> 25 | B34: Tsjechië
A35: =A34+1 -> 26 | B35: Qatar
A36: =A35+1 -> 27 | B36: Scotland
A37: =A36+1 -> 28 | B37: Australia
A38: =A37+1 -> 29 | B38: Ivory Coast
A39: =A38+1 -> 30 | B39: Zweden
... A41: =A40+1 -> 32 | B41: Ghana

Sheet Groepsfase Maartje
J6: Punten
A8: Nr | B8: Datum | C8: Groep | D8: Thuis | E8: T | F8: U | G8: Uit | H8: Res
A9: 1 | B9: 2026-06-11 | C9: A | D9: Mexico | E9: 2 | F9: 0 | G9: South Africa | H9: =IF(AND(E9<>"",F9<>""),IF(E9>F9,"H",IF(E9<F9,"A","D")),"") -> H | J9: 3
A10: 2 | B10: 2026-06-11 | C10: A | D10: South Korea | E10: 1 | F10: 1 | G10: Tsjechië | H10: =IF(AND(E10<>"",F10<>""),IF(E10>F10,"H",IF(E10<F10,"A","D")),"") -> D | J10: 0
A11: 3 | B11: 2026-06-18 | C11: A | D11: Tsjechië | E11: 2 | F11: 0 | G11: South Africa | H11: =IF(AND(E11<>"",F11<>""),IF(E11>F11,"H",IF(E11<F11,"A","D")),"") -> H
A12: 4 | B12: 2026-06-18 | C12: A | D12: Mexico | E12: 1 | F12: 1 | G12: South Korea | H12: =IF(AND(E12<>"",F12<>""),IF(E12>F12,"H",IF(E12<F12,"A","D")),"") -> D
A13: 5 | B13: 2026-06-24 | C13: A | D13: Tsjechië | E13: 1 | F13: 3 | G13: Mexico | H13: =IF(AND(E13<>"",F13<>""),IF(E13>F13,"H",IF(E13<F13,"A","D")),"") -> A
A14: 6 | B14: 2026-06-24 | C14: A | D14: South Africa | E14: 1 | F14: 2 | G14: South Korea | H14: =IF(AND(E14<>"",F14<>""),IF(E14>F14,"H",IF(E14<F14,"A","D")),"") -> A
A15: 7 | B15: 2026-06-12 | C15: B | D15: Canada | E15: 1 | F15: 1 | G15: Bosnië-Herzegovina | H15: =IF(AND(E15<>"",F15<>""),IF(E15>F15,"H",IF(E15<F15,"A","D")),"") -> D | J15: 3
A16: 8 | B16: 2026-06-13 | C16: B | D16: Qatar | E16: 1 | F16: 2 | G16: Switzerland | H16: =IF(AND(E16<>"",F16<>""),IF(E16>F16,"H",IF(E16<F16,"A","D")),"") -> A | J16: 0
A17: 9 | B17: 2026-06-18 | C17: B | D17: Switzerland | E17: 3 | F17: 1 | G17: Bosnië-Herzegovina | H17: =IF(AND(E17<>"",F17<>""),IF(E17>F17,"H",IF(E17<F17,"A","D")),"") -> H
A18: 10 | B18: 2026-06-18 | C18: B | D18: Canada | E18: 2 | F18: 0 | G18: Qatar | H18: =IF(AND(E18<>"",F18<>""),IF(E18>F18,"H",IF(E18<F18,"A","D")),"") -> H
A19: 11 | B19: 2026-06-24 | C19: B | D19: Switzerland | E19: 1 | F19: 1 | G19: Canada | H19: =IF(AND(E19<>"",F19<>""),IF(E19>F19,"H",IF(E19<F19,"A","D")),"") -> D
A20: 12 | B20: 2026-06-24 | C20: B | D20: Bosnië-Herzegovina | E20: 2 | F20: 0 | G20: Qatar | H20: =IF(AND(E20<>"",F20<>""),IF(E20>F20,"H",IF(E20<F20,"A","D")),"") -> H
A21: 13 | B21: 2026-06-13 | C21: C | D21: Brazil | E21: 2 | F21: 1 | G21: Morocco | H21: =IF(AND(E21<>"",F21<>""),IF(E21>F21,"H",IF(E21<F21,"A","D")),"") -> H | J21: 0
A22: 14 | B22: 2026-06-13 | C22: C | D22: Haiti | E22: 0 | F22: 2 | G22: Scotland | H22: =IF(AND(E22<>"",F22<>""),IF(E22>F22,"H",IF(E22<F22,"A","D")),"") -> A | J22: 1
A23: 15 | B23: 2026-06-19 | C23: C | D23: Scotland | E23: 1 | F23: 1 | G23: Morocco | H23: =IF(AND(E23<>"",F23<>""),IF(E23>F23,"H",IF(E23<F23,"A","D")),"") -> D
A24: 16 | B24: 2026-06-19 | C24: C | D24: Brazil | E24: 3 | F24: 0 | G24: Haiti | H24: =IF(AND(E24<>"",F24<>""),IF(E24>F24,"H",IF(E24<F24,"A","D")),"") -> H
A25: 17 | B25: 2026-06-24 | C25: C | D25: Scotland | E25: 2 | F25: 2 | G25: Brazil | H25: =IF(AND(E25<>"",F25<>""),IF(E25>F25,"H",IF(E25<F25,"A","D")),"") -> D
A26: 18 | B26: 2026-06-24 | C26: C | D26: Morocco | E26: 3 | F26: 0 | G26: Haiti | H26: =IF(AND(E26<>"",F26<>""),IF(E26>F26,"H",IF(E26<F26,"A","D")),"") -> H
A27: 19 | B27: 2026-06-12 | C27: D | D27: USA | E27: 3 | F27: 1 | G27: Paraguay | H27: =IF(AND(E27<>"",F27<>""),IF(E27>F27,"H",IF(E27<F27,"A","D")),"") -> H | J27: 1
A28: 20 | B28: 2026-06-13 | C28: D | D28: Australia | E28: 0 | F28: 2 | G28: Turkije | H28: =IF(AND(E28<>"",F28<>""),IF(E28>F28,"H",IF(E28<F28,"A","D")),"") -> A | J28: 0
A29: 21 | B29: 2026-06-19 | C29: D | D29: USA | E29: 2 | F29: 0 | G29: Australia | H29: =IF(AND(E29<>"",F29<>""),IF(E29>F29,"H",IF(E29<F29,"A","D")),"") -> H
A30: 22 | B30: 2026-06-19 | C30: D | D30: Turkije | E30: 2 | F30: 1 | G30: Paraguay | H30: =IF(AND(E30<>"",F30<>""),IF(E30>F30,"H",IF(E30<F30,"A","D")),"") -> H
A31: 23 | B31: 2026-06-25 | C31: D | D31: Turkije | E31: 1 | F31: 1 | G31: USA | H31: =IF(AND(E31<>"",F31<>""),IF(E31>F31,"H",IF(E31<F31,"A","D")),"") -> D
A32: 24 | B32: 2026-06-25 | C32: D | D32: Paraguay | E32: 2 | F32: 2 | G32: Australia | H32: =IF(AND(E32<>"",F32<>""),IF(E32>F32,"H",IF(E32<F32,"A","D")),"") -> D
A33: 25 | B33: 2026-06-14 | C33: E | D33: Germany | E33: 4 | F33: 0 | G33: Curaçao | H33: =IF(AND(E33<>"",F33<>""),IF(E33>F33,"H",IF(E33<F33,"A","D")),"") -> H | J33: 1
A34: 26 | B34: 2026-06-14 | C34: E | D34: Ivory Coast | E34: 1 | F34: 2 | G34: Ecuador | H34: =IF(AND(E34<>"",F34<>""),IF(E34>F34,"H",IF(E34<F34,"A","D")),"") -> A | J34: 0
A35: 27 | B35: 2026-06-20 | C35: E | D35: Germany | E35: 3 | F35: 1 | G35: Ivory Coast | H35: =IF(AND(E35<>"",F35<>""),IF(E35>F35,"H",IF(E35<F35,"A","D")),"") -> H
A36: 28 | B36: 2026-06-20 | C36: E | D36: Ecuador | E36: 2 | F36: 0 | G36: Curaçao | H36: =IF(AND(E36<>"",F36<>""),IF(E36>F36,"H",IF(E36<F36,"A","D")),"") -> H
A37: 29 | B37: 2026-06-25 | C37: E | D37: Ecuador | E37: 1 | F37: 2 | G37: Germany | H37: =IF(AND(E37<>"",F37<>""),IF(E37>F37,"H",IF(E37<F37,"A","D")),"") -> A
A38: 30 | B38: 2026-06-25 | C38: E | D38: Curaçao | E38: 0 | F38: 3 | G38: Ivory Coast | H38: =IF(AND(E38<>"",F38<>""),IF(E38>F38,"H",IF(E38<F38,"A","D")),"") -> A
A39: 31 | B39: 2026-06-14 | C39: F | D39: Netherlands | E39: 2 | F39: 1 | G39: Japan | H39: =IF(AND(E39<>"",F39<>""),IF(E39>F39,"H",IF(E39<F39,"A","D")),"") -> H | J39: 0
A40: 32 | B40: 2026-06-14 | C40: F | D40: Zweden | E40: 2 | F40: 0 | G40: Tunisia | H40: =IF(AND(E40<>"",F40<>""),IF(E40>F40,"H",IF(E40<F40,"A","D")),"") -> H | J40: 1
A41: 33 | B41: 2026-06-20 | C41: F | D41: Netherlands | E41: 1 | F41: 1 | G41: Zweden | H41: =IF(AND(E41<>"",F41<>""),IF(E41>F41,"H",IF(E41<F41,"A","D")),"") -> D
A42: 34 | B42: 2026-06-20 | C42: F | D42: Tunisia | E42: 0 | F42: 2 | G42: Japan | H42: =IF(AND(E42<>"",F42<>""),IF(E42>F42,"H",IF(E42<F42,"A","D")),"") -> A
A43: 35 | B43: 2026-06-25 | C43: F | D43: Japan | E43: 2 | F43: 1 | G43: Zweden | H43: =IF(AND(E43<>"",F43<>""),IF(E43>F43,"H",IF(E43<F43,"A","D")),"") -> H
A44: 36 | B44: 2026-06-25 | C44: F | D44: Tunisia | E44: 0 | F44: 3 | G44: Netherlands | H44: =IF(AND(E44<>"",F44<>""),IF(E44>F44,"H",IF(E44<F44,"A","D")),"") -> A
A45: 37 | B45: 2026-06-15 | C45: G | D45: Belgium | E45: 2 | F45: 1 | G45: Egypt | H45: =IF(AND(E45<>"",F45<>""),IF(E45>F45,"H",IF(E45<F45,"A","D")),"") -> H | J45: 0
A46: 38 | B46: 2026-06-15 | C46: G | D46: Iran | E46: 2 | F46: 0 | G46: New Zealand | H46: =IF(AND(E46<>"",F46<>""),IF(E46>F46,"H",IF(E46<F46,"A","D")),"") -> H | J46: 0
A47: 39 | B47: 2026-06-21 | C47: G | D47: Belgium | E47: 1 | F47: 1 | G47: Iran | H47: =IF(AND(E47<>"",F47<>""),IF(E47>F47,"H",IF(E47<F47,"A","D")),"") -> D
A48: 40 | B48: 2026-06-21 | C48: G | D48: New Zealand | E48: 0 | F48: 3 | G48: Egypt | H48: =IF(AND(E48<>"",F48<>""),IF(E48>F48,"H",IF(E48<F48,"A","D")),"") -> A
A49: 41 | B49: 2026-06-26 | C49: G | D49: Egypt | E49: 1 | F49: 1 | G49: Iran | H49: =IF(AND(E49<>"",F49<>""),IF(E49>F49,"H",IF(E49<F49,"A","D")),"") -> D
A50: 42 | B50: 2026-06-26 | C50: G | D50: New Zealand | E50: 0 | F50: 2 | G50: Belgium | H50: =IF(AND(E50<>"",F50<>""),IF(E50>F50,"H",IF(E50<F50,"A","D")),"") -> A
A51: 43 | B51: 2026-06-15 | C51: H | D51: Spain | E51: 3 | F51: 0 | G51: Cape Verde | H51: =IF(AND(E51<>"",F51<>""),IF(E51>F51,"H",IF(E51<F51,"A","D")),"") -> H | J51: 0
A52: 44 | B52: 2026-06-15 | C52: H | D52: Saudi Arabia | E52: 1 | F52: 2 | G52: Uruguay | H52: =IF(AND(E52<>"",F52<>""),IF(E52>F52,"H",IF(E52<F52,"A","D")),"") -> A | J52: 0
A53: 45 | B53: 2026-06-21 | C53: H | D53: Spain | E53: 2 | F53: 0 | G53: Saudi Arabia | H53: =IF(AND(E53<>"",F53<>""),IF(E53>F53,"H",IF(E53<F53,"A","D")),"") -> H
A54: 46 | B54: 2026-06-21 | C54: H | D54: Uruguay | E54: 3 | F54: 1 | G54: Cape Verde | H54: =IF(AND(E54<>"",F54<>""),IF(E54>F54,"H",IF(E54<F54,"A","D")),"") -> H
A55: 47 | B55: 2026-06-26 | C55: H | D55: Cape Verde | E55: 1 | F55: 1 | G55: Saudi Arabia | H55: =IF(AND(E55<>"",F55<>""),IF(E55>F55,"H",IF(E55<F55,"A","D")),"") -> D
A56: 48 | B56: 2026-06-26 | C56: H | D56: Uruguay | E56: 1 | F56: 2 | G56: Spain | H56: =IF(AND(E56<>"",F56<>""),IF(E56>F56,"H",IF(E56<F56,"A","D")),"") -> A
A57: 49 | B57: 2026-06-16 | C57: I | D57: France | E57: 2 | F57: 1 | G57: Senegal | H57: =IF(AND(E57<>"",F57<>""),IF(E57>F57,"H",IF(E57<F57,"A","D")),"") -> H | J57: 1
A58: 50 | B58: 2026-06-16 | C58: I | D58: Irak | E58: 0 | F58: 3 | G58: Norway | H58: =IF(AND(E58<>"",F58<>""),IF(E58>F58,"H",IF(E58<F58,"A","D")),"") -> A | J58: 1
A59: 51 | B59: 2026-06-22 | C59: I | D59: France | E59: 4 | F59: 1 | G59: Irak | H59: =IF(AND(E59<>"",F59<>""),IF(E59>F59,"H",IF(E59<F59,"A","D")),"") -> H
A60: 52 | B60: 2026-06-22 | C60: I | D60: Norway | E60: 2 | F60: 2 | G60: Senegal | H60: =IF(AND(E60<>"",F60<>""),IF(E60>F60,"H",IF(E60<F60,"A","D")),"") -> D
A61: 53 | B61: 2026-06-26 | C61: I | D61: Norway | E61: 1 | F61: 3 | G61: France | H61: =IF(AND(E61<>"",F61<>""),IF(E61>F61,"H",IF(E61<F61,"A","D")),"") -> A
A62: 54 | B62: 2026-06-26 | C62: I | D62: Senegal | E62: 2 | F62: 0 | G62: Irak | H62: =IF(AND(E62<>"",F62<>""),IF(E62>F62,"H",IF(E62<F62,"A","D")),"") -> H
A63: 55 | B63: 2026-06-16 | C63: J | D63: Argentina | E63: 1 | F63: 1 | G63: Algeria | H63: =IF(AND(E63<>"",F63<>""),IF(E63>F63,"H",IF(E63<F63,"A","D")),"") -> D | J63: 0
A64: 56 | B64: 2026-06-16 | C64: J | D64: Austria | E64: 2 | F64: 0 | G64: Jordan | H64: =IF(AND(E64<>"",F64<>""),IF(E64>F64,"H",IF(E64<F64,"A","D")),"") -> H | J64: 1
A65: 57 | B65: 2026-06-22 | C65: J | D65: Argentina | E65: 2 | F65: 1 | G65: Austria | H65: =IF(AND(E65<>"",F65<>""),IF(E65>F65,"H",IF(E65<F65,"A","D")),"") -> H
A66: 58 | B66: 2026-06-22 | C66: J | D66: Jordan | E66: 0 | F66: 2 | G66: Algeria | H66: =IF(AND(E66<>"",F66<>""),IF(E66>F66,"H",IF(E66<F66,"A","D")),"") -> A
A67: 59 | B67: 2026-06-27 | C67: J | D67: Algeria | E67: 1 | F67: 2 | G67: Austria | H67: =IF(AND(E67<>"",F67<>""),IF(E67>F67,"H",IF(E67<F67,"A","D")),"") -> A
A68: 60 | B68: 2026-06-27 | C68: J | D68: Jordan | E68: 0 | F68: 3 | G68: Argentina | H68: =IF(AND(E68<>"",F68<>""),IF(E68>F68,"H",IF(E68<F68,"A","D")),"") -> A
A69: 61 | B69: 2026-06-17 | C69: K | D69: Portugal | E69: 2 | F69: 0 | G69: DR Congo | H69: =IF(AND(E69<>"",F69<>""),IF(E69>F69,"H",IF(E69<F69,"A","D")),"") -> H | J69: 0
A70: 62 | B70: 2026-06-17 | C70: K | D70: Uzbekistan | E70: 1 | F70: 2 | G70: Colombia | H70: =IF(AND(E70<>"",F70<>""),IF(E70>F70,"H",IF(E70<F70,"A","D")),"") -> A | J70: 1
A71: 63 | B71: 2026-06-23 | C71: K | D71: Portugal | E71: 3 | F71: 1 | G71: Uzbekistan | H71: =IF(AND(E71<>"",F71<>""),IF(E71>F71,"H",IF(E71<F71,"A","D")),"") -> H
A72: 64 | B72: 2026-06-23 | C72: K | D72: Colombia | E72: 2 | F72: 0 | G72: DR Congo | H72: =IF(AND(E72<>"",F72<>""),IF(E72>F72,"H",IF(E72<F72,"A","D")),"") -> H
